2008-01-02 00:00:00.005,113437478175.0
2008-01-03 00:00:00.005,139996486805.0
2008-01-04 00:00:00.005,150150087490.0
2008-01-07 00:00:00.005,161925908640.0
2008-01-08 00:00:00.005,159972419675.0
2008-01-09 00:00:00.005,158408763590.0
2008-01-10 00:00:00.005,135275745265.0
2008-01-11 00:00:00.005,147398229105.0
2008-01-14 00:00:00.005,160927775555.0
2008-01-15 00:00:00.005,168283044380.0
2008-01-16 00:00:00.005,160046583390.0
2008-01-17 00:00:00.005,178865268230.0
2008-01-18 00:00:00.005,192415102700.0
2008-01-21 00:00:00.005,156691544685.0
2008-01-22 00:00:00.005,144962598820.0
2008-01-23 00:00:00.005,189344430350.0
2008-01-24 00:00:00.005,172895996805.0
2008-01-25 00:00:00.005,147676498520.0
2008-01-28 00:00:00.005,143858805665.0
2008-01-29 00:00:00.005,127920474795.0
2008-01-30 00:00:00.005,144394061890.0
2008-01-31 00:00:00.005,124033022210.0
2008-02-01 00:00:00.005,118745960650.0
2008-02-04 00:00:00.005,94994340140.0
2008-02-05 00:00:00.005,86710209390.0
2008-02-13 00:00:00.005,120141966985.0
2008-02-14 00:00:00.005,160923041035.0
2008-02-15 00:00:00.005,159145392900.0
2008-02-18 00:00:00.005,159752064085.0
2008-02-19 00:00:00.005,196893664055.0
2008-02-20 00:00:00.005,227634571845.0
2008-02-21 00:00:00.005,215993914670.0
2008-02-22 00:00:00.005,204519294100.0
2008-02-25 00:00:00.005,209340010840.0
2008-02-26 00:00:00.005,240876423845.0
2008-02-27 00:00:00.005,245571216235.0
2008-02-28 00:00:00.005,211312987515.0
2008-02-29 00:00:00.005,208263568240.0
2008-03-03 00:00:00.005,211775588570.0
2008-03-04 00:00:00.005,297223071405.0
2008-03-05 00:00:00.005,215770485145.0
2008-03-06 00:00:00.005,268473303090.0
2008-03-07 00:00:00.005,183975106775.0
2008-03-10 00:00:00.005,175160627890.0
2008-03-11 00:00:00.005,192859262605.0
2008-03-12 00:00:00.005,242241599160.0
2008-03-13 00:00:00.005,235384983165.0
2008-03-14 00:00:00.005,225702322865.0
2008-03-17 00:00:00.005,195727895975.0
2008-03-18 00:00:00.005,161171633485.0
2008-03-19 00:00:00.005,221714252160.0
2008-03-20 00:00:00.005,161246799740.0
2008-03-21 00:00:00.005,169685625595.0
2008-03-24 00:00:00.005,154431518405.0
2008-03-25 00:00:00.005,188573458800.0
2008-03-26 00:00:00.005,174884151930.0
2008-03-27 00:00:00.005,171673312200.0
2008-03-28 00:00:00.005,174078217730.0
2008-03-31 00:00:00.005,174322349800.0
2008-04-01 00:00:00.005,143291761360.0
2008-04-02 00:00:00.005,185420392890.0
2008-04-03 00:00:00.005,159699032485.0
2008-04-07 00:00:00.005,154971980615.0
2008-04-08 00:00:00.005,158837752210.0
2008-04-09 00:00:00.005,176117085885.0
2008-04-10 00:00:00.005,161675044840.0
2008-04-11 00:00:00.005,156604202900.0
2008-04-14 00:00:00.005,185392671775.0
2008-04-15 00:00:00.005,171700066980.0
2008-04-16 00:00:00.005,195729803995.0
2008-04-17 00:00:00.005,160483758530.0
2008-04-18 00:00:00.005,166281828260.0
2008-04-21 00:00:00.005,157251494110.0
2008-04-22 00:00:00.005,166062943115.0
2008-04-23 00:00:00.005,144068960460.0
2008-04-24 00:00:00.005,143955168280.0
2008-04-25 00:00:00.005,131928686465.0
2008-04-28 00:00:00.005,137835707780.0
2008-04-29 00:00:00.005,124140028725.0
2008-04-30 00:00:00.005,127632118090.0
2008-05-05 00:00:00.005,122316606010.0
2008-05-06 00:00:00.005,151638412625.0
2008-05-07 00:00:00.005,149905882915.0
2008-05-08 00:00:00.005,157681696595.0
2008-05-09 00:00:00.005,126189883770.0
2008-05-12 00:00:00.005,146583577220.0
2008-05-13 00:00:00.005,166933162545.0
2008-05-14 00:00:00.005,169928765580.0
2008-05-15 00:00:00.005,154468813765.0
2008-05-16 00:00:00.005,168901418025.0
2008-05-19 00:00:00.005,168243716005.0
2008-05-20 00:00:00.005,137754274735.0
2008-05-21 00:00:00.005,184195051475.0
2008-05-22 00:00:00.005,167535622395.0
2008-05-23 00:00:00.005,171510703030.0
2008-05-26 00:00:00.005,118037105600.0
2008-05-27 00:00:00.005,226580357055.0
2008-05-28 00:00:00.005,192046244990.0
2008-05-29 00:00:00.005,182128406875.0
2008-05-30 00:00:00.005,166122201475.0
2008-06-02 00:00:00.005,150791138985.0
2008-06-03 00:00:00.005,185101343550.0
2008-06-04 00:00:00.005,183319622090.0
2008-06-05 00:00:00.005,183554213355.0
2008-06-06 00:00:00.005,167296469595.0
2008-06-10 00:00:00.005,167295858190.0
2008-06-11 00:00:00.005,208189404050.0
2008-06-12 00:00:00.005,201134817405.0
2008-06-13 00:00:00.005,209839072880.0
2008-06-16 00:00:00.005,227295769015.0
2008-06-17 00:00:00.005,203046946745.0
2008-06-18 00:00:00.005,217770617440.0
2008-06-19 00:00:00.005,209012645720.0
2008-06-20 00:00:00.005,211256545405.0
2008-06-23 00:00:00.005,145013261685.0
2008-06-24 00:00:00.005,225514907865.0
2008-06-25 00:00:00.005,200366146870.0
2008-06-26 00:00:00.005,199764685070.0
2008-06-27 00:00:00.005,196009336450.0
2008-06-30 00:00:00.005,188887964420.0
2008-07-01 00:00:00.005,171784713630.0
2008-07-02 00:00:00.005,168381336645.0
2008-07-03 00:00:00.005,250137491040.0
2008-07-04 00:00:00.005,214391726080.0
2008-07-07 00:00:00.005,214379882295.0
2008-07-08 00:00:00.005,210159998415.0
2008-07-09 00:00:00.005,192874132080.0
2008-07-10 00:00:00.005,167123411185.0
2008-07-11 00:00:00.005,200201000100.0
2008-07-14 00:00:00.005,173828853200.0
2008-07-15 00:00:00.005,175435148765.0
2008-07-16 00:00:00.005,162697456770.0
2008-07-17 00:00:00.005,169735569970.0
2008-07-18 00:00:00.005,188401581505.0
2008-07-21 00:00:00.005,173317718700.0
2008-07-22 00:00:00.005,223017473865.0
2008-07-23 00:00:00.005,228055508185.0
2008-07-24 00:00:00.005,211160407770.0
2008-07-25 00:00:00.005,199371976145.0
2008-07-28 00:00:00.005,198384440830.0
2008-07-29 00:00:00.005,196828345900.0
2008-07-30 00:00:00.005,214291643965.0
2008-07-31 00:00:00.005,171943912665.0
2008-08-01 00:00:00.005,172452424940.0
2008-08-04 00:00:00.005,197453759835.0
2008-08-05 00:00:00.005,156703169205.0
2008-08-06 00:00:00.005,200526567700.0
2008-08-07 00:00:00.005,221298313445.0
2008-08-08 00:00:00.005,177628880475.0
2008-08-11 00:00:00.005,172149916060.0
2008-08-12 00:00:00.005,227478415285.0
2008-08-13 00:00:00.005,242290552760.0
2008-08-14 00:00:00.005,261758304295.0
2008-08-15 00:00:00.005,197165149030.0
2008-08-18 00:00:00.005,191278680515.0
2008-08-19 00:00:00.005,205587803830.0
2008-08-20 00:00:00.005,214218870485.0
2008-08-21 00:00:00.005,230415377660.0
2008-08-22 00:00:00.005,207408788180.0
2008-08-25 00:00:00.005,168437794510.0
2008-08-26 00:00:00.005,248367112075.0
2008-08-27 00:00:00.005,217176229795.0
2008-08-28 00:00:00.005,181734879465.0
2008-08-29 00:00:00.005,190299400775.0
2008-09-01 00:00:00.005,177439359495.0
2008-09-02 00:00:00.005,178177131985.0
2008-09-03 00:00:00.005,173467191410.0
2008-09-04 00:00:00.005,192961107625.0
2008-09-05 00:00:00.005,211030375725.0
2008-09-08 00:00:00.005,193467724240.0
2008-09-09 00:00:00.005,230868805570.0
2008-09-10 00:00:00.005,229101318340.0
2008-09-11 00:00:00.005,189103018465.0
2008-09-12 00:00:00.005,181544798735.0
2008-09-16 00:00:00.005,149212677340.0
2008-09-17 00:00:00.005,225796481810.0
2008-09-18 00:00:00.005,261769742505.0
2008-09-19 00:00:00.005,240693736090.0
2008-09-22 00:00:00.005,219586003730.0
2008-09-23 00:00:00.005,234792313595.0
2008-09-24 00:00:00.005,218729956805.0
2008-09-25 00:00:00.005,225437061290.0
2008-09-26 00:00:00.005,170140853830.0
2008-10-06 00:00:00.005,12110408180.0
2008-10-07 00:00:00.005,103750342010.0
2008-10-08 00:00:00.005,183068457515.0
2008-10-09 00:00:00.005,188669222645.0
2008-10-10 00:00:00.005,90780096910.0
2008-10-13 00:00:00.005,213074845090.0
2008-10-14 00:00:00.005,218517721875.0
2008-10-15 00:00:00.005,144460394230.0
2008-10-16 00:00:00.005,143709409785.0
2008-10-17 00:00:00.005,253775899605.0
2008-10-20 00:00:00.005,173883724955.0
2008-10-21 00:00:00.005,277005047445.0
2008-10-22 00:00:00.005,173349138775.0
2008-10-23 00:00:00.005,180931753235.0
2008-10-24 00:00:00.005,252870703380.0
2008-10-27 00:00:00.005,220463049305.0
2008-10-28 00:00:00.005,252273447235.0
2008-10-29 00:00:00.005,254281133660.0
2008-10-30 00:00:00.005,171620768780.0
2008-10-31 00:00:00.005,210607530235.0
2008-11-03 00:00:00.005,180762245845.0
2008-11-04 00:00:00.005,194482589660.0
2008-11-05 00:00:00.005,200465180325.0
2008-11-06 00:00:00.005,155037474410.0
2008-11-07 00:00:00.005,196539541055.0
2008-11-10 00:00:00.005,156136317955.0
2008-11-11 00:00:00.005,179103742650.0
2008-11-12 00:00:00.005,198103114240.0
2008-11-13 00:00:00.005,196690593310.0
2008-11-14 00:00:00.005,187525085580.0
2008-11-17 00:00:00.005,160853789565.0
2008-11-18 00:00:00.005,206976918065.0
2008-11-19 00:00:00.005,191772667835.0
2008-11-20 00:00:00.005,153232615105.0
2008-11-21 00:00:00.005,168528724095.0
2008-11-24 00:00:00.005,179672395025.0
2008-11-25 00:00:00.005,167017699400.0
2008-11-26 00:00:00.005,207357382695.0
2008-11-27 00:00:00.005,187175376505.0
2008-11-28 00:00:00.005,184578603675.0
2008-12-01 00:00:00.005,164495817250.0
2008-12-02 00:00:00.005,155480991370.0
2008-12-03 00:00:00.005,173958436640.0
2008-12-04 00:00:00.005,191533159105.0
2008-12-05 00:00:00.005,156248222800.0
2008-12-08 00:00:00.005,214722627805.0
2008-12-09 00:00:00.005,224119098490.0
2008-12-10 00:00:00.005,211737220985.0
2008-12-11 00:00:00.005,216709823685.0
2008-12-12 00:00:00.005,235935697895.0
2008-12-15 00:00:00.005,166060784615.0
2008-12-16 00:00:00.005,217286109160.0
2008-12-17 00:00:00.005,222345661030.0
2008-12-18 00:00:00.005,172159768270.0
2008-12-19 00:00:00.005,245275719575.0
2008-12-22 00:00:00.005,144507067145.0
2008-12-23 00:00:00.005,247556206025.0
2008-12-24 00:00:00.005,205296494515.0
2008-12-25 00:00:00.005,191154002370.0
2008-12-26 00:00:00.005,202450449835.0
2008-12-29 00:00:00.005,177592114865.0
2008-12-30 00:00:00.005,202764994700.0
2008-12-31 00:00:00.005,180962591560.0
2009-01-05 00:00:00.005,118158450435.0
2009-01-06 00:00:00.005,231319887160.0
2009-01-07 00:00:00.005,263300028315.0
2009-01-08 00:00:00.005,222383526640.0
2009-01-09 00:00:00.005,263738423165.0
2009-01-12 00:00:00.005,249458604360.0
2009-01-13 00:00:00.005,210641434555.0
2009-01-14 00:00:00.005,228494762880.0
2009-01-15 00:00:00.005,216279331580.0
2009-01-16 00:00:00.005,209585673750.0
2009-01-19 00:00:00.005,185430451850.0
2009-01-20 00:00:00.005,189839614415.0
2009-01-21 00:00:00.005,144513048105.0
2009-01-22 00:00:00.005,147419302610.0
2009-01-23 00:00:00.005,118599135185.0
2009-02-02 00:00:00.005,106163643445.0
2009-02-03 00:00:00.005,170608477955.0
2009-02-04 00:00:00.005,189446664875.0
2009-02-05 00:00:00.005,192034559130.0
2009-02-06 00:00:00.005,228396025710.0
2009-02-09 00:00:00.005,230606194395.0
2009-02-10 00:00:00.005,225635929600.0
2009-02-11 00:00:00.005,257006085105.0
2009-02-12 00:00:00.005,241244457855.0
2009-02-13 00:00:00.005,224743100650.0
2009-02-16 00:00:00.005,236020356400.0
2009-02-17 00:00:00.005,241732936980.0
2009-02-18 00:00:00.005,227641645860.0
2009-02-19 00:00:00.005,218845343745.0
2009-02-20 00:00:00.005,211959796610.0
2009-02-23 00:00:00.005,232847301930.0
2009-02-24 00:00:00.005,250146865965.0
2009-02-25 00:00:00.005,195117506000.0
2009-02-26 00:00:00.005,247620565730.0
2009-02-27 00:00:00.005,227242979510.0
2009-03-02 00:00:00.005,189549485040.0
2009-03-03 00:00:00.005,191760496540.0
2009-03-04 00:00:00.005,204146312570.0
2009-03-05 00:00:00.005,220530253575.0
2009-03-06 00:00:00.005,222074505140.0
2009-03-09 00:00:00.005,225064010430.0
2009-03-10 00:00:00.005,243636565280.0
2009-03-11 00:00:00.005,207833131390.0
2009-03-12 00:00:00.005,198234710390.0
2009-03-13 00:00:00.005,180487496030.0
2009-03-16 00:00:00.005,191398764435.0
2009-03-17 00:00:00.005,222989460945.0
2009-03-18 00:00:00.005,225373553260.0
2009-03-19 00:00:00.005,248340527225.0
2009-03-20 00:00:00.005,268803882460.0
2009-03-23 00:00:00.005,316516252615.0
2009-03-24 00:00:00.005,323833109090.0
2009-03-25 00:00:00.005,250287896140.0
2009-03-26 00:00:00.005,275120223810.0
2009-03-27 00:00:00.005,309969546665.0
2009-03-30 00:00:00.005,268751587940.0
2009-03-31 00:00:00.005,287616706925.0
2009-04-01 00:00:00.005,253760258705.0
2009-04-02 00:00:00.005,260484682395.0
2009-04-03 00:00:00.005,249206222115.0
2009-04-07 00:00:00.005,279129639615.0
2009-04-08 00:00:00.005,346858355585.0
2009-04-09 00:00:00.005,321371109150.0
2009-04-10 00:00:00.005,346284023415.0
2009-04-13 00:00:00.005,426941304080.0
2009-04-14 00:00:00.005,376916714875.0
2009-04-15 00:00:00.005,401144207130.0
2009-04-16 00:00:00.005,394641303740.0
2009-04-17 00:00:00.005,346593239310.0
2009-04-20 00:00:00.005,311109898305.0
2009-04-21 00:00:00.005,224025584140.0
2009-04-22 00:00:00.005,337905170265.0
2009-04-23 00:00:00.005,350900548295.0
2009-04-24 00:00:00.005,335738425215.0
2009-04-27 00:00:00.005,315431810540.0
2009-04-28 00:00:00.005,329552802705.0
2009-04-29 00:00:00.005,321526566890.0
2009-04-30 00:00:00.005,325062492995.0
2009-05-04 00:00:00.005,236588557685.0
2009-05-05 00:00:00.005,344651821360.0
2009-05-06 00:00:00.005,353731820155.0
2009-05-07 00:00:00.005,429641503070.0
2009-05-08 00:00:00.005,397048613020.0
2009-05-11 00:00:00.005,377954701740.0
2009-05-12 00:00:00.005,375503918895.0
2009-05-13 00:00:00.005,381430494410.0
2009-05-14 00:00:00.005,300739169700.0
2009-05-15 00:00:00.005,346807747205.0
2009-05-18 00:00:00.005,284955537260.0
2009-05-19 00:00:00.005,306090158685.0
2009-05-20 00:00:00.005,355569767215.0
2009-05-21 00:00:00.005,343740613195.0
2009-05-22 00:00:00.005,302035151690.0
2009-05-25 00:00:00.005,258143972390.0
2009-05-26 00:00:00.005,290347113615.0
2009-05-27 00:00:00.005,236527291020.0
2009-06-01 00:00:00.005,269250197080.0
2009-06-02 00:00:00.005,362691573595.0
2009-06-03 00:00:00.005,307416005655.0
2009-06-04 00:00:00.005,282360455345.0
2009-06-05 00:00:00.005,314553717950.0
2009-06-08 00:00:00.005,297811220910.0
2009-06-09 00:00:00.005,342801462260.0
2009-06-10 00:00:00.005,328771381925.0
2009-06-11 00:00:00.005,285517313640.0
2009-06-12 00:00:00.005,305302994155.0
2009-06-15 00:00:00.005,297509288145.0
2009-06-16 00:00:00.005,317795975130.0
2009-06-17 00:00:00.005,298232970625.0
2009-06-18 00:00:00.005,289754663805.0
2009-06-19 00:00:00.005,237773978270.0
2009-06-22 00:00:00.005,215618175740.0
2009-06-23 00:00:00.005,303942556530.0
2009-06-24 00:00:00.005,283076332395.0
2009-06-25 00:00:00.005,341996634370.0
2009-06-26 00:00:00.005,303366676165.0
2009-06-29 00:00:00.005,300703896330.0
2009-06-30 00:00:00.005,274770732610.0
2009-07-01 00:00:00.005,238975972175.0
2009-07-02 00:00:00.005,297670560675.0
2009-07-03 00:00:00.005,342619991315.0
2009-07-06 00:00:00.005,278962001400.0
2009-07-07 00:00:00.005,273998397980.0
2009-07-08 00:00:00.005,294587340895.0
2009-07-09 00:00:00.005,279794902460.0
2009-07-10 00:00:00.005,318720780230.0
2009-07-13 00:00:00.005,277180584810.0
2009-07-14 00:00:00.005,271598946750.0
2009-07-15 00:00:00.005,314235267560.0
2009-07-16 00:00:00.005,350937488745.0
2009-07-17 00:00:00.005,310192885190.0
2009-07-20 00:00:00.005,339736077910.0
2009-07-21 00:00:00.005,324949068560.0
2009-07-22 00:00:00.005,365348146535.0
2009-07-23 00:00:00.005,346826720450.0
2009-07-24 00:00:00.005,347988398940.0
2009-07-27 00:00:00.005,351405739080.0
2009-07-28 00:00:00.005,343493318185.0
2009-07-29 00:00:00.005,468980338690.0
2009-07-30 00:00:00.005,361474234925.0
2009-07-31 00:00:00.005,358507115740.0
2009-08-03 00:00:00.005,459718980635.0
2009-08-04 00:00:00.005,484435647885.0
2009-08-05 00:00:00.005,481336080175.0
2009-08-06 00:00:00.005,455925114080.0
2009-08-07 00:00:00.005,452329600935.0
2009-08-10 00:00:00.005,454227268690.0
2009-08-11 00:00:00.005,494732580765.0
2009-08-12 00:00:00.005,538172658770.0
2009-08-13 00:00:00.005,530785607100.0
2009-08-14 00:00:00.005,457548832780.0
2009-08-17 00:00:00.005,382982970100.0
2009-08-18 00:00:00.005,419609460170.0
2009-08-19 00:00:00.005,514916509095.0
2009-08-20 00:00:00.005,534113989075.0
2009-08-21 00:00:00.005,452860465140.0
2009-08-24 00:00:00.005,341779058095.0
2009-08-25 00:00:00.005,401002110010.0
2009-08-26 00:00:00.005,383043657015.0
2009-08-27 00:00:00.005,366666646555.0
2009-08-28 00:00:00.005,381431647090.0
2009-08-31 00:00:00.005,434617758535.0
2009-09-01 00:00:00.005,399067033040.0
2009-09-02 00:00:00.005,383601124525.0
2009-09-03 00:00:00.005,397333409790.0
2009-09-04 00:00:00.005,405284511890.0
2009-09-07 00:00:00.005,360466391745.0
2009-09-08 00:00:00.005,356063265535.0
2009-09-09 00:00:00.005,408308189890.0
2009-09-10 00:00:00.005,364422869305.0
2009-09-11 00:00:00.005,357105281475.0
2009-09-14 00:00:00.005,260153791785.0
2009-09-15 00:00:00.005,294736308330.0
2009-09-16 00:00:00.005,303817109780.0
2009-09-17 00:00:00.005,316603797325.0
2009-09-18 00:00:00.005,311666158575.0
2009-09-21 00:00:00.005,281132108160.0
2009-09-22 00:00:00.005,256534700785.0
2009-09-23 00:00:00.005,308536878335.0
2009-09-24 00:00:00.005,337994069400.0
2009-09-25 00:00:00.005,283953163330.0
2009-09-28 00:00:00.005,288981246525.0
2009-09-29 00:00:00.005,236930904025.0
2009-09-30 00:00:00.005,221107924395.0
2009-10-09 00:00:00.005,186429625655.0
2009-10-12 00:00:00.005,299466847070.0
2009-10-13 00:00:00.005,275215190990.0
2009-10-14 00:00:00.005,280130648805.0
2009-10-15 00:00:00.005,336988871725.0
2009-10-16 00:00:00.005,340121964380.0
2009-10-19 00:00:00.005,404353630240.0
2009-10-20 00:00:00.005,394098676885.0
2009-10-21 00:00:00.005,356724797925.0
2009-10-22 00:00:00.005,361735849435.0
2009-10-23 00:00:00.005,363978673520.0
2009-10-26 00:00:00.005,387798482320.0
2009-10-27 00:00:00.005,362799339715.0
2009-10-28 00:00:00.005,433210655450.0
2009-10-29 00:00:00.005,369498943400.0
2009-10-30 00:00:00.005,336330635745.0
2009-11-02 00:00:00.005,316959217060.0
2009-11-03 00:00:00.005,314724240940.0
2009-11-04 00:00:00.005,272585031320.0
2009-11-05 00:00:00.005,248116275640.0
2009-11-06 00:00:00.005,243889283395.0
2009-11-09 00:00:00.005,258244291240.0
2009-11-10 00:00:00.005,308018642245.0
2009-11-11 00:00:00.005,314189665890.0
2009-11-12 00:00:00.005,360229879345.0
2009-11-13 00:00:00.005,375417901055.0
2009-11-16 00:00:00.005,388964476440.0
2009-11-17 00:00:00.005,360301164025.0
2009-11-18 00:00:00.005,392296650430.0
2009-11-19 00:00:00.005,436298107350.0
2009-11-20 00:00:00.005,403674707575.0
2009-11-23 00:00:00.005,406839054780.0
2009-11-24 00:00:00.005,526150946060.0
2009-11-25 00:00:00.005,472552539640.0
2009-11-26 00:00:00.005,515881356765.0
2009-11-27 00:00:00.005,546219880945.0
2009-11-30 00:00:00.005,478861304885.0
2009-12-01 00:00:00.005,442231325230.0
2009-12-02 00:00:00.005,439418382740.0
2009-12-03 00:00:00.005,441144596475.0
2009-12-04 00:00:00.005,485431124335.0
2009-12-07 00:00:00.005,529922576185.0
2009-12-08 00:00:00.005,494176719930.0
2009-12-09 00:00:00.005,541024564540.0
2009-12-10 00:00:00.005,577586079400.0
2009-12-11 00:00:00.005,431498716075.0
2009-12-14 00:00:00.005,479918003775.0
2009-12-15 00:00:00.005,420952287255.0
2009-12-16 00:00:00.005,418104860495.0
2009-12-17 00:00:00.005,447522457910.0
2009-12-18 00:00:00.005,440400954150.0
2009-12-21 00:00:00.005,400281242985.0
2009-12-22 00:00:00.005,358525047025.0
2009-12-23 00:00:00.005,400099813435.0
2009-12-24 00:00:00.005,414105728530.0
2009-12-25 00:00:00.005,357048618970.0
2009-12-28 00:00:00.005,431846081580.0
2009-12-29 00:00:00.005,423156291675.0
2009-12-30 00:00:00.005,417207739145.0
2009-12-31 00:00:00.005,411272174550.0
2010-01-04 00:00:00.005,423616219035.0
2010-01-05 00:00:00.005,489141532420.0
2010-01-06 00:00:00.005,555943808140.0
2010-01-07 00:00:00.005,744585489675.0
2010-01-08 00:00:00.005,715344580915.0
2010-01-11 00:00:00.005,545857587120.0
2010-01-12 00:00:00.005,514297299150.0
2010-01-13 00:00:00.005,585794408810.0
2010-01-14 00:00:00.005,461401285195.0
2010-01-15 00:00:00.005,495072654460.0
2010-01-18 00:00:00.005,403001697555.0
2010-01-19 00:00:00.005,430955732095.0
2010-01-20 00:00:00.005,482457572680.0
2010-01-21 00:00:00.005,538309901595.0
2010-01-22 00:00:00.005,588646148455.0
2010-01-25 00:00:00.005,420884683475.0
2010-01-26 00:00:00.005,469074919485.0
2010-01-27 00:00:00.005,490362547900.0
2010-01-28 00:00:00.005,523648119300.0
2010-01-29 00:00:00.005,513874428770.0
2010-02-01 00:00:00.005,568622453540.0
2010-02-02 00:00:00.005,522262557020.0
2010-02-03 00:00:00.005,527673214620.0
2010-02-04 00:00:00.005,490920335895.0
2010-02-05 00:00:00.005,414764235965.0
2010-02-08 00:00:00.005,381963673255.0
2010-02-09 00:00:00.005,408524330110.0
2010-02-10 00:00:00.005,400947995465.0
2010-02-11 00:00:00.005,344954737845.0
2010-02-12 00:00:00.005,250323669935.0
2010-02-22 00:00:00.005,324544740320.0
2010-02-23 00:00:00.005,405102208135.0
2010-02-24 00:00:00.005,390931419910.0
2010-02-25 00:00:00.005,538412023530.0
2010-02-26 00:00:00.005,442238036800.0
2010-03-01 00:00:00.005,447240634705.0
2010-03-02 00:00:00.005,480160778665.0
2010-03-03 00:00:00.005,408979431765.0
2010-03-04 00:00:00.005,504719411190.0
2010-03-05 00:00:00.005,478858776045.0
2010-03-08 00:00:00.005,449935239800.0
2010-03-09 00:00:00.005,501937577990.0
2010-03-10 00:00:00.005,494697512560.0
2010-03-11 00:00:00.005,607028285145.0
2010-03-12 00:00:00.005,516362487670.0
2010-03-15 00:00:00.005,510320543390.0
2010-03-16 00:00:00.005,568661850720.0
2010-03-17 00:00:00.005,594054514535.0
2010-03-18 00:00:00.005,609552511555.0
2010-03-19 00:00:00.005,529210161195.0
2010-03-22 00:00:00.005,474365546125.0
2010-03-23 00:00:00.005,504944102210.0
2010-03-24 00:00:00.005,546902378250.0
2010-03-25 00:00:00.005,561838723685.0
2010-03-26 00:00:00.005,579160063045.0
2010-03-29 00:00:00.005,505183512935.0
2010-03-30 00:00:00.005,600857868140.0
2010-03-31 00:00:00.005,489704016395.0
2010-04-01 00:00:00.005,464048158255.0
2010-04-02 00:00:00.005,454822884110.0
2010-04-06 00:00:00.005,534029834850.0
2010-04-07 00:00:00.005,479264973915.0
2010-04-08 00:00:00.005,469664934590.0
2010-04-09 00:00:00.005,431813327025.0
2010-04-12 00:00:00.005,497619784520.0
2010-04-13 00:00:00.005,506856089010.0
2010-04-14 00:00:00.005,464784956965.0
2010-04-15 00:00:00.005,432955711560.0
2010-04-16 00:00:00.005,474506316115.0
2010-04-19 00:00:00.005,602724181060.0
2010-04-20 00:00:00.005,542805203420.0
2010-04-21 00:00:00.005,540959610445.0
2010-04-22 00:00:00.005,529320809935.0
2010-04-23 00:00:00.005,531033327265.0
2010-04-26 00:00:00.005,527120379670.0
2010-04-27 00:00:00.005,600476457220.0
2010-04-28 00:00:00.005,595835200550.0
2010-04-29 00:00:00.005,512422227775.0
2010-04-30 00:00:00.005,661054809390.0
2010-05-04 00:00:00.005,567182467115.0
2010-05-05 00:00:00.005,554417201770.0
2010-05-06 00:00:00.005,687688157885.0
2010-05-07 00:00:00.005,782389404070.0
2010-05-10 00:00:00.005,692553476640.0
2010-05-11 00:00:00.005,738666648100.0
2010-05-12 00:00:00.005,857420234270.0
2010-05-13 00:00:00.005,698406873670.0
2010-05-14 00:00:00.005,729580298635.0
2010-05-17 00:00:00.005,761846946750.0
2010-05-18 00:00:00.005,923702716900.0
2010-05-19 00:00:00.005,993957473055.0
2010-05-20 00:00:00.005,881234528270.0
2010-05-21 00:00:00.005,864148442455.0
2010-05-24 00:00:00.005,826844813915.0
2010-05-25 00:00:00.005,854738484370.0
2010-05-26 00:00:00.005,805277230225.0
2010-05-27 00:00:00.005,844997126140.0
2010-05-28 00:00:00.005,795725547085.0
2010-05-31 00:00:00.005,844958278760.0
2010-06-01 00:00:00.005,876398617510.0
2010-06-02 00:00:00.005,960400187615.0
2010-06-03 00:00:00.005,926702974325.0
2010-06-04 00:00:00.005,874099605655.0
2010-06-07 00:00:00.005,591074483595.0
2010-06-08 00:00:00.005,758118003820.0
2010-06-09 00:00:00.005,926473743320.0
2010-06-10 00:00:00.005,783571917820.0
2010-06-11 00:00:00.005,617009475610.0
2010-06-17 00:00:00.005,500545059130.0
2010-06-18 00:00:00.005,772744607625.0
2010-06-21 00:00:00.005,931189692975.0
2010-06-22 00:00:00.005,734709805875.0
2010-06-23 00:00:00.005,883237903140.0
2010-06-24 00:00:00.005,822234859475.0
2010-06-25 00:00:00.005,760535046425.0
2010-06-28 00:00:00.005,716895292115.0
2010-06-29 00:00:00.005,773329417920.0
2010-06-30 00:00:00.005,707467541870.0
2010-07-01 00:00:00.005,782255955340.0
2010-07-02 00:00:00.005,876392563990.0
2010-07-05 00:00:00.005,818286964290.0
2010-07-06 00:00:00.005,857428111005.0
2010-07-07 00:00:00.005,703006760595.0
2010-07-08 00:00:00.005,639082859015.0
2010-07-09 00:00:00.005,705025506885.0
2010-07-12 00:00:00.005,737863946805.0
2010-07-13 00:00:00.005,763194249715.0
2010-07-14 00:00:00.005,813068058835.0
2010-07-15 00:00:00.005,881796164785.0
2010-07-16 00:00:00.005,763889346649.0
2010-07-19 00:00:00.005,750467342650.0
2010-07-20 00:00:00.005,794601732685.0
2010-07-21 00:00:00.005,681808862015.0
2010-07-22 00:00:00.005,833556316990.0
2010-07-23 00:00:00.005,809573942425.0
2010-07-26 00:00:00.005,763878984100.0
2010-07-27 00:00:00.005,842967699345.0
2010-07-28 00:00:00.005,918352669335.0
2010-07-29 00:00:00.005,874145807040.0
2010-07-30 00:00:00.005,794576230980.0
2010-08-02 00:00:00.005,846515951245.0
2010-08-03 00:00:00.005,858397126745.0
2010-08-04 00:00:00.005,933781346405.0
2010-08-05 00:00:00.005,978408202500.0
2010-08-06 00:00:00.005,908761939710.0
2010-08-09 00:00:00.005,859813140505.0
2010-08-10 00:00:00.005,902223369430.0
2010-08-11 00:00:00.005,950487838740.0
2010-08-12 00:00:00.005,946237518410.0
2010-08-13 00:00:00.005,857019427945.0
2010-08-16 00:00:00.005,858637676225.0
2010-08-17 00:00:00.005,777494067085.0
2010-08-18 00:00:00.005,847866813500.0
2010-08-19 00:00:00.005,880001453110.0
2010-08-20 00:00:00.005,873342840035.0
2010-08-23 00:00:00.005,757672957090.0
2010-08-24 00:00:00.005,877157728600.0
2010-08-25 00:00:00.005,871410091660.0
2010-08-26 00:00:00.005,701756217980.0
2010-08-27 00:00:00.005,704353457420.0
2010-08-30 00:00:00.005,783860430240.0
2010-08-31 00:00:00.005,703000976060.0
2010-09-01 00:00:00.005,870593471875.0
2010-09-02 00:00:00.005,775343373760.0
2010-09-03 00:00:00.005,720713623190.0
2010-09-06 00:00:00.005,723898906705.0
2010-09-07 00:00:00.005,748557791975.0
2010-09-08 00:00:00.005,730779430850.0
2010-09-09 00:00:00.005,1026222474350.0
2010-09-10 00:00:00.005,824902328795.0
2010-09-13 00:00:00.005,821970317160.0
2010-09-14 00:00:00.005,833939938400.0
2010-09-15 00:00:00.005,808934266000.0
2010-09-16 00:00:00.005,835882566275.0
2010-09-17 00:00:00.005,733696175353.0
2010-09-20 00:00:00.005,680251696595.0
2010-09-21 00:00:00.005,659788919100.0
2010-09-27 00:00:00.005,630463450410.0
2010-09-28 00:00:00.005,542458136450.0
2010-09-29 00:00:00.005,594561312260.0
2010-09-30 00:00:00.005,587122541400.0
2010-10-08 00:00:00.005,503282481050.0
2010-10-11 00:00:00.005,711033926300.0
2010-10-12 00:00:00.005,927859903340.0
2010-10-13 00:00:00.005,947720405635.0
2010-10-14 00:00:00.005,1016392696255.0
2010-10-15 00:00:00.005,1049749462804.0
2010-10-18 00:00:00.005,1079244105950.0
2010-10-19 00:00:00.005,1227578806535.0
2010-10-20 00:00:00.005,1203386761500.0
2010-10-21 00:00:00.005,1314397418790.0
2010-10-22 00:00:00.005,1200081532890.0
2010-10-25 00:00:00.005,1012018104985.0
2010-10-26 00:00:00.005,1137825549685.0
2010-10-27 00:00:00.005,1324822710130.0
2010-10-28 00:00:00.005,1114818726165.0
2010-10-29 00:00:00.005,1177277568500.0
2010-11-01 00:00:00.005,956296526735.0
2010-11-02 00:00:00.005,1068601174105.0
2010-11-03 00:00:00.005,1063611185700.0
2010-11-04 00:00:00.005,1038737220245.0
2010-11-05 00:00:00.005,811939825785.0
2010-11-08 00:00:00.005,1210369729530.0
2010-11-09 00:00:00.005,1310368530810.0
2010-11-10 00:00:00.005,1339777805155.0
2010-11-11 00:00:00.005,1435823893860.0
2010-11-12 00:00:00.005,1010457155945.0
2010-11-15 00:00:00.005,1331542757405.0
2010-11-16 00:00:00.005,1434765097400.0
2010-11-17 00:00:00.005,1052006146385.0
2010-11-18 00:00:00.005,1354679658610.0
2010-11-19 00:00:00.005,1359533218029.0
2010-11-22 00:00:00.005,1089762050980.0
2010-11-23 00:00:00.005,1084432343575.0
2010-11-24 00:00:00.005,1274727466905.0
2010-11-25 00:00:00.005,985955254095.0
2010-11-26 00:00:00.005,945491974300.0
2010-11-29 00:00:00.005,837042806925.0
2010-11-30 00:00:00.005,964595656470.0
2010-12-01 00:00:00.005,822479645995.0
2010-12-02 00:00:00.005,676396019785.0
2010-12-03 00:00:00.005,796940236720.0
2010-12-06 00:00:00.005,677402834005.0
2010-12-07 00:00:00.005,727707140205.0
2010-12-08 00:00:00.005,703612958930.0
2010-12-09 00:00:00.005,755826325350.0
2010-12-10 00:00:00.005,664492657720.0
2010-12-13 00:00:00.005,699104503900.0
2010-12-14 00:00:00.005,682019024755.0
2010-12-15 00:00:00.005,756756258505.0
2010-12-16 00:00:00.005,660400449365.0
2010-12-17 00:00:00.005,639459110885.0
2010-12-20 00:00:00.005,819433293985.0
2010-12-21 00:00:00.005,758112043515.0
2010-12-22 00:00:00.005,762781640220.0
2010-12-23 00:00:00.005,754626456025.0
2010-12-24 00:00:00.005,791624209570.0
2010-12-27 00:00:00.005,737324608160.0
2010-12-28 00:00:00.005,688606694910.0
2010-12-29 00:00:00.005,599261715725.0
2010-12-30 00:00:00.005,650545021945.0
2010-12-31 00:00:00.005,637960041505.0
2011-01-04 00:00:00.005,567290441070.0
2011-01-05 00:00:00.005,564769522120.0
2011-01-06 00:00:00.005,574043366480.0
2011-01-07 00:00:00.005,789316346020.0
2011-01-10 00:00:00.005,607354297290.0
2011-01-11 00:00:00.005,550262501030.0
2011-01-12 00:00:00.005,610280541350.0
2011-01-13 00:00:00.005,621322138100.0
2011-01-14 00:00:00.005,594068206855.0
2011-01-17 00:00:00.005,584502838040.0
2011-01-18 00:00:00.005,552680763825.0
2011-01-19 00:00:00.005,595733204560.0
2011-01-20 00:00:00.005,616432973660.0
2011-01-21 00:00:00.005,727199468527.0
2011-01-24 00:00:00.005,630540862335.0
2011-01-25 00:00:00.005,667548125920.0
2011-01-26 00:00:00.005,671208833100.0
2011-01-27 00:00:00.005,671476543455.0
2011-01-28 00:00:00.005,524039905005.0
2011-01-31 00:00:00.005,467821347640.0
2011-02-01 00:00:00.005,389807761385.0
2011-02-09 00:00:00.005,459963159060.0
2011-02-10 00:00:00.005,549378737355.0
2011-02-11 00:00:00.005,589084461960.0
2011-02-14 00:00:00.005,607660758810.0
2011-02-15 00:00:00.005,601010951735.0
2011-02-16 00:00:00.005,665640605865.0
2011-02-17 00:00:00.005,689896423530.0
2011-02-18 00:00:00.005,753313039418.0
2011-02-21 00:00:00.005,651551483735.0
2011-02-22 00:00:00.005,878490936265.0
2011-02-23 00:00:00.005,701169263185.0
2011-02-24 00:00:00.005,778641785440.0
2011-02-25 00:00:00.005,676207445525.0
2011-02-28 00:00:00.005,713167220170.0
2011-03-01 00:00:00.005,663991427970.0
2011-03-02 00:00:00.005,711453748140.0
2011-03-03 00:00:00.005,801981686765.0
2011-03-04 00:00:00.005,763099563265.0
2011-03-07 00:00:00.005,675490633175.0
2011-03-08 00:00:00.005,703643659030.0
2011-03-09 00:00:00.005,695812697445.0
2011-03-10 00:00:00.005,689570211620.0
2011-03-11 00:00:00.005,673297485260.0
2011-03-14 00:00:00.005,721486913730.0
2011-03-15 00:00:00.005,906468943080.0
2011-03-16 00:00:00.005,764910663650.0
2011-03-17 00:00:00.005,824579984545.0
2011-03-18 00:00:00.005,663943143122.0
2011-03-21 00:00:00.005,690675838290.0
2011-03-22 00:00:00.005,688922301615.0
2011-03-23 00:00:00.005,654869672235.0
2011-03-24 00:00:00.005,589580051205.0
2011-03-25 00:00:00.005,633286810460.0
2011-03-28 00:00:00.005,692223730055.0
2011-03-29 00:00:00.005,690261121580.0
2011-03-30 00:00:00.005,663771557585.0
2011-03-31 00:00:00.005,632246876110.0
2011-04-01 00:00:00.005,606900697810.0
2011-04-06 00:00:00.005,635375152100.0
2011-04-07 00:00:00.005,531290849635.0
2011-04-08 00:00:00.005,650373166355.0
2011-04-11 00:00:00.005,616597251550.0
2011-04-12 00:00:00.005,634259195420.0
2011-04-13 00:00:00.005,682392555595.0
2011-04-14 00:00:00.005,692761656835.0
2011-04-15 00:00:00.005,737373911178.0
2011-04-18 00:00:00.005,623767840705.0
2011-04-19 00:00:00.005,705082036505.0
2011-04-20 00:00:00.005,573055778465.0
2011-04-21 00:00:00.005,637474787970.0
2011-04-22 00:00:00.005,648305505395.0
2011-04-25 00:00:00.005,590256993385.0
2011-04-26 00:00:00.005,553688122535.0
2011-04-27 00:00:00.005,613600342455.0
2011-04-28 00:00:00.005,761117970465.0
2011-04-29 00:00:00.005,631937636590.0
2011-05-03 00:00:00.005,491615370680.0
2011-05-04 00:00:00.005,594343867430.0
2011-05-05 00:00:00.005,556456369340.0
2011-05-06 00:00:00.005,664579969150.0
2011-05-09 00:00:00.005,585830699515.0
2011-05-10 00:00:00.005,751494268360.0
2011-05-11 00:00:00.005,686482849120.0
2011-05-12 00:00:00.005,733538726925.0
2011-05-13 00:00:00.005,773613154350.0
2011-05-16 00:00:00.005,721249005445.0
2011-05-17 00:00:00.005,854378379555.0
2011-05-18 00:00:00.005,656615102855.0
2011-05-19 00:00:00.005,696984889235.0
2011-05-20 00:00:00.005,640462739505.0
2011-05-23 00:00:00.005,692867314485.0
2011-05-24 00:00:00.005,596533465605.0
2011-05-25 00:00:00.005,679636910525.0
2011-05-26 00:00:00.005,578618753105.0
2011-05-27 00:00:00.005,612200630065.0
2011-05-30 00:00:00.005,555131957710.0
2011-05-31 00:00:00.005,613902984210.0
2011-06-01 00:00:00.005,500579805170.0
2011-06-02 00:00:00.005,587502582485.0
2011-06-03 00:00:00.005,561288689835.0
2011-06-07 00:00:00.005,579692448285.0
2011-06-08 00:00:00.005,695499093070.0
2011-06-09 00:00:00.005,604311226665.0
2011-06-10 00:00:00.005,634603531390.0
2011-06-13 00:00:00.005,545828239960.0
2011-06-14 00:00:00.005,574212517385.0
2011-06-15 00:00:00.005,507702234515.0
2011-06-16 00:00:00.005,543075711215.0
2011-06-17 00:00:00.005,537335830021.0
2011-06-20 00:00:00.005,478275748540.0
2011-06-21 00:00:00.005,554607282855.0
2011-06-22 00:00:00.005,537918008615.0
2011-06-23 00:00:00.005,617006974840.0
2011-06-24 00:00:00.005,641382580610.0
2011-06-27 00:00:00.005,611698761605.0
2011-06-28 00:00:00.005,541594786525.0
2011-06-29 00:00:00.005,567624748300.0
2011-06-30 00:00:00.005,566292783390.0
2011-07-01 00:00:00.005,525875532300.0
2011-07-04 00:00:00.005,587252041460.0
2011-07-05 00:00:00.005,510646129405.0
2011-07-06 00:00:00.005,563787384040.0
2011-07-07 00:00:00.005,581346467230.0
2011-07-08 00:00:00.005,607924798345.0
2011-07-11 00:00:00.005,560773996080.0
2011-07-12 00:00:00.005,609311275375.0
2011-07-13 00:00:00.005,603444638920.0
2011-07-14 00:00:00.005,612421139885.0
2011-07-15 00:00:00.005,586625943426.0
2011-07-18 00:00:00.005,562707792425.0
2011-07-19 00:00:00.005,560529097260.0
2011-07-20 00:00:00.005,620589336375.0
2011-07-21 00:00:00.005,563452623820.0
2011-07-22 00:00:00.005,483959507570.0
2011-07-25 00:00:00.005,503478191560.0
2011-07-26 00:00:00.005,471599072415.0
2011-07-27 00:00:00.005,522783960470.0
2011-07-28 00:00:00.005,524971370995.0
2011-07-29 00:00:00.005,584714764180.0
2011-08-01 00:00:00.005,468024200195.0
2011-08-02 00:00:00.005,507173611400.0
2011-08-03 00:00:00.005,496387591600.0
2011-08-04 00:00:00.005,496531207640.0
2011-08-05 00:00:00.005,671043684930.0
2011-08-08 00:00:00.005,690527818575.0
2011-08-09 00:00:00.005,819961866385.0
2011-08-10 00:00:00.005,575839065700.0
2011-08-11 00:00:00.005,745806046190.0
2011-08-12 00:00:00.005,613066962910.0
2011-08-15 00:00:00.005,528873995480.0
2011-08-16 00:00:00.005,567916186535.0
2011-08-17 00:00:00.005,602540642450.0
2011-08-18 00:00:00.005,594192860345.0
2011-08-19 00:00:00.005,626513498380.0
2011-08-22 00:00:00.005,626841151605.0
2011-08-23 00:00:00.005,636761032130.0
2011-08-24 00:00:00.005,553371035375.0
2011-08-25 00:00:00.005,668931722525.0
2011-08-26 00:00:00.005,610864855515.0
2011-08-29 00:00:00.005,540425757630.0
2011-08-30 00:00:00.005,639004197175.0
2011-08-31 00:00:00.005,539554171980.0
2011-09-01 00:00:00.005,562838508620.0
2011-09-02 00:00:00.005,543709333105.0
2011-09-05 00:00:00.005,596684665230.0
2011-09-06 00:00:00.005,643554276210.0
2011-09-07 00:00:00.005,623183370160.0
2011-09-08 00:00:00.005,559985413445.0
2011-09-09 00:00:00.005,622202687210.0
2011-09-13 00:00:00.005,548479728680.0
2011-09-14 00:00:00.005,752551133355.0
2011-09-15 00:00:00.005,700174684935.0
2011-09-16 00:00:00.005,639908554141.0
2011-09-19 00:00:00.005,593474977845.0
2011-09-20 00:00:00.005,595052082495.0
2011-09-21 00:00:00.005,789152718025.0
2011-09-22 00:00:00.005,690324101545.0
2011-09-23 00:00:00.005,890424311825.0
2011-09-26 00:00:00.005,804852406235.0
2011-09-27 00:00:00.005,830522055340.0
2011-09-28 00:00:00.005,792943012470.0
2011-09-29 00:00:00.005,703677383675.0
2011-09-30 00:00:00.005,549395543040.0
2011-10-10 00:00:00.005,461133978780.0
2011-10-11 00:00:00.005,630558094520.0
2011-10-12 00:00:00.005,857424989990.0
2011-10-13 00:00:00.005,690447091550.0
2011-10-14 00:00:00.005,666689532195.0
2011-10-17 00:00:00.005,643286020355.0
2011-10-18 00:00:00.005,657567284725.0
2011-10-19 00:00:00.005,843551268065.0
2011-10-20 00:00:00.005,621014858225.0
2011-10-21 00:00:00.005,822491513665.0
2011-10-24 00:00:00.005,907802028655.0
2011-10-25 00:00:00.005,971541244455.0
2011-10-26 00:00:00.005,904451472085.0
2011-10-27 00:00:00.005,757293366635.0
2011-10-28 00:00:00.005,763223667540.0
2011-10-31 00:00:00.005,730449158415.0
2011-11-01 00:00:00.005,878187165560.0
2011-11-02 00:00:00.005,893068063740.0
2011-11-03 00:00:00.005,803590563545.0
2011-11-04 00:00:00.005,908812075715.0
2011-11-07 00:00:00.005,716667499025.0
2011-11-08 00:00:00.005,788404026100.0
2011-11-09 00:00:00.005,834679394230.0
2011-11-10 00:00:00.005,507427696895.0
2011-11-11 00:00:00.005,667389648260.0
2011-11-14 00:00:00.005,701590593000.0
2011-11-15 00:00:00.005,620023017825.0
2011-11-16 00:00:00.005,749825494490.0
2011-11-17 00:00:00.005,732162996330.0
2011-11-18 00:00:00.005,716748569219.0
2011-11-21 00:00:00.005,516676319235.0
2011-11-22 00:00:00.005,636539334650.0
2011-11-23 00:00:00.005,637642335645.0
2011-11-24 00:00:00.005,826082199440.0
2011-11-25 00:00:00.005,572728710725.0
2011-11-28 00:00:00.005,591217477020.0
2011-11-29 00:00:00.005,547757500500.0
2011-11-30 00:00:00.005,573785108775.0
2011-12-01 00:00:00.005,681571487720.0
2011-12-02 00:00:00.005,526199660545.0
2011-12-05 00:00:00.005,509459460695.0
2011-12-06 00:00:00.005,458139571305.0
2011-12-07 00:00:00.005,483669872340.0
2011-12-08 00:00:00.005,559948189975.0
2011-12-09 00:00:00.005,482518993040.0
2011-12-12 00:00:00.005,475857403710.0
2011-12-13 00:00:00.005,470440729060.0
2011-12-14 00:00:00.005,457954042155.0
2011-12-15 00:00:00.005,660853532585.0
2011-12-16 00:00:00.005,549058699123.0
2011-12-19 00:00:00.005,618289567600.0
2011-12-20 00:00:00.005,567675946115.0
2011-12-21 00:00:00.005,512879714745.0
2011-12-22 00:00:00.005,615123224855.0
2011-12-23 00:00:00.005,542379097960.0
2011-12-26 00:00:00.005,512964020670.0
2011-12-27 00:00:00.005,471512587955.0
2011-12-28 00:00:00.005,508125011270.0
2011-12-29 00:00:00.005,441466483140.0
2011-12-30 00:00:00.005,527909456485.0
2012-01-04 00:00:00.005,488904273180.0
2012-01-05 00:00:00.005,646385140185.0
2012-01-06 00:00:00.005,531002722750.0
2012-01-09 00:00:00.005,612363260645.0
2012-01-10 00:00:00.005,672366432305.0
2012-01-11 00:00:00.005,553276834615.0
2012-01-12 00:00:00.005,563483624360.0
2012-01-13 00:00:00.005,615261445335.0
2012-01-16 00:00:00.005,574086843775.0
2012-01-17 00:00:00.005,775240675810.0
2012-01-18 00:00:00.005,632055090440.0
2012-01-19 00:00:00.005,661749663155.0
2012-01-20 00:00:00.005,565224002165.0
2012-01-30 00:00:00.005,515270735535.0
2012-01-31 00:00:00.005,550075649210.0
2012-02-01 00:00:00.005,546267630395.0
2012-02-02 00:00:00.005,649347664660.0
2012-02-03 00:00:00.005,571654823480.0
2012-02-06 00:00:00.005,554509435230.0
2012-02-07 00:00:00.005,619084003525.0
2012-02-08 00:00:00.005,701842148385.0
2012-02-09 00:00:00.005,769739965340.0
2012-02-10 00:00:00.005,757144555655.0
2012-02-13 00:00:00.005,700972346655.0
2012-02-14 00:00:00.005,615481113830.0
2012-02-15 00:00:00.005,689150843975.0
2012-02-16 00:00:00.005,707702786900.0
2012-02-17 00:00:00.005,659894409550.0
2012-02-20 00:00:00.005,569920187830.0
2012-02-21 00:00:00.005,699589265815.0
2012-02-22 00:00:00.005,606771117655.0
2012-02-23 00:00:00.005,597988974085.0
2012-02-24 00:00:00.005,694069661035.0
2012-02-27 00:00:00.005,648179627675.0
2012-02-28 00:00:00.005,591824989905.0
2012-02-29 00:00:00.005,597659771475.0
2012-03-01 00:00:00.005,651466974830.0
2012-03-02 00:00:00.005,655398061975.0
2012-03-05 00:00:00.005,570343985040.0
2012-03-06 00:00:00.005,585186786245.0
2012-03-07 00:00:00.005,535418333035.0
2012-03-08 00:00:00.005,572776959990.0
2012-03-09 00:00:00.005,658513525220.0
2012-03-12 00:00:00.005,553263471340.0
2012-03-13 00:00:00.005,572274126670.0
2012-03-14 00:00:00.005,754029879265.0
2012-03-15 00:00:00.005,677535139695.0
2012-03-16 00:00:00.005,697014938378.0
2012-03-19 00:00:00.005,545597859025.0
2012-03-20 00:00:00.005,625695409805.0
2012-03-21 00:00:00.005,620143470270.0
2012-03-22 00:00:00.005,602257799110.0
2012-03-23 00:00:00.005,525620856380.0
2012-03-26 00:00:00.005,422168725050.0
2012-03-27 00:00:00.005,420979391415.0
2012-03-28 00:00:00.005,513128981745.0
2012-03-29 00:00:00.005,565832275880.0
2012-03-30 00:00:00.005,419995279475.0
2012-04-05 00:00:00.005,564925485435.0
2012-04-06 00:00:00.005,515242165680.0
2012-04-09 00:00:00.005,564408934000.0
2012-04-10 00:00:00.005,647364464270.0
2012-04-11 00:00:00.005,643067828740.0
2012-04-12 00:00:00.005,587719605400.0
2012-04-13 00:00:00.005,554057422500.0
2012-04-16 00:00:00.005,518293344420.0
2012-04-17 00:00:00.005,517916601530.0
2012-04-18 00:00:00.005,679740333295.0
2012-04-19 00:00:00.005,484930056525.0
2012-04-20 00:00:00.005,531579944330.0
2012-04-23 00:00:00.005,493625329410.0
2012-04-24 00:00:00.005,698765064865.0
2012-04-25 00:00:00.005,539043973225.0
2012-04-26 00:00:00.005,502045130655.0
2012-04-27 00:00:00.005,433938475140.0
2012-05-02 00:00:00.005,495867488780.0
2012-05-03 00:00:00.005,432644790515.0
2012-05-04 00:00:00.005,502160474885.0
2012-05-07 00:00:00.005,469503311415.0
2012-05-08 00:00:00.005,553140791440.0
2012-05-09 00:00:00.005,533160085755.0
2012-05-10 00:00:00.005,487242553020.0
2012-05-11 00:00:00.005,647452522220.0
2012-05-14 00:00:00.005,758208186190.0
2012-05-15 00:00:00.005,658768217820.0
2012-05-16 00:00:00.005,702673744200.0
2012-05-17 00:00:00.005,704723793485.0
2012-05-18 00:00:00.005,767503284946.0
2012-05-21 00:00:00.005,664022745745.0
2012-05-22 00:00:00.005,559846634715.0
2012-05-23 00:00:00.005,671865891600.0
2012-05-24 00:00:00.005,686944764240.0
2012-05-25 00:00:00.005,599951811875.0
2012-05-28 00:00:00.005,605228544620.0
2012-05-29 00:00:00.005,663458308105.0
2012-05-30 00:00:00.005,594265046985.0
2012-05-31 00:00:00.005,594078022695.0
2012-06-01 00:00:00.005,724253786390.0
2012-06-04 00:00:00.005,771197664625.0
2012-06-05 00:00:00.005,673399042215.0
2012-06-06 00:00:00.005,776640633550.0
2012-06-07 00:00:00.005,674229278515.0
2012-06-08 00:00:00.005,820602305620.0
2012-06-11 00:00:00.005,752008822950.0
2012-06-12 00:00:00.005,644721564450.0
2012-06-13 00:00:00.005,709708284265.0
2012-06-14 00:00:00.005,697042504880.0
2012-06-15 00:00:00.005,765664416005.0
2012-06-18 00:00:00.005,693736625295.0
2012-06-19 00:00:00.005,634393860530.0
2012-06-20 00:00:00.005,602911911855.0
2012-06-21 00:00:00.005,665432673495.0
2012-06-25 00:00:00.005,599932751705.0
2012-06-26 00:00:00.005,649549732155.0
2012-06-27 00:00:00.005,604576733845.0
2012-06-28 00:00:00.005,588509448255.0
2012-06-29 00:00:00.005,728098234495.0
2012-07-02 00:00:00.005,635666181820.0
2012-07-03 00:00:00.005,808771807380.0
2012-07-04 00:00:00.005,766255484735.0
2012-07-05 00:00:00.005,752447015160.0
2012-07-06 00:00:00.005,819344135880.0
2012-07-09 00:00:00.005,828865824205.0
2012-07-10 00:00:00.005,751613992040.0
2012-07-11 00:00:00.005,919605529570.0
2012-07-12 00:00:00.005,884163735165.0
2012-07-13 00:00:00.005,807235147690.0
2012-07-16 00:00:00.005,778348351105.0
2012-07-17 00:00:00.005,806620514240.0
2012-07-18 00:00:00.005,887102262300.0
2012-07-19 00:00:00.005,879772682820.0
2012-07-20 00:00:00.005,796004995380.0
2012-07-23 00:00:00.005,795265771695.0
2012-07-24 00:00:00.005,789344542475.0
2012-07-25 00:00:00.005,794619267785.0
2012-07-26 00:00:00.005,772236541745.0
2012-07-27 00:00:00.005,714347706485.0
2012-07-30 00:00:00.005,767545065700.0
2012-07-31 00:00:00.005,669489045330.0
2012-08-01 00:00:00.005,801722667495.0
2012-08-02 00:00:00.005,708182870705.0
2012-08-03 00:00:00.005,693129676870.0
2012-08-06 00:00:00.005,688121715925.0
2012-08-07 00:00:00.005,605688629625.0
2012-08-08 00:00:00.005,614996698600.0
2012-08-09 00:00:00.005,756352154305.0
2012-08-10 00:00:00.005,630109183525.0
2012-08-13 00:00:00.005,632022093170.0
2012-08-14 00:00:00.005,836782762950.0
2012-08-15 00:00:00.005,774866796050.0
2012-08-16 00:00:00.005,618194726640.0
2012-08-17 00:00:00.005,643156615921.0
2012-08-20 00:00:00.005,576568814235.0
2012-08-21 00:00:00.005,736207280380.0
2012-08-22 00:00:00.005,654717575980.0
2012-08-23 00:00:00.005,870214000820.0
2012-08-24 00:00:00.005,623920418380.0
2012-08-27 00:00:00.005,674172625155.0
2012-08-28 00:00:00.005,638476645400.0
2012-08-29 00:00:00.005,801273349040.0
2012-08-30 00:00:00.005,836247891435.0
2012-08-31 00:00:00.005,651122061375.0
2012-09-03 00:00:00.005,814570070285.0
2012-09-04 00:00:00.005,703461337215.0
2012-09-05 00:00:00.005,667906242815.0
2012-09-06 00:00:00.005,847043871340.0
2012-09-07 00:00:00.005,1129743044395.0
2012-09-10 00:00:00.005,854289314635.0
2012-09-11 00:00:00.005,929307408640.0
2012-09-12 00:00:00.005,995810439945.0
2012-09-13 00:00:00.005,888782458245.0
2012-09-14 00:00:00.005,1131328423260.0
2012-09-17 00:00:00.005,904994397695.0
2012-09-18 00:00:00.005,943914660615.0
2012-09-19 00:00:00.005,856521926830.0
2012-09-20 00:00:00.005,961945596485.0
2012-09-21 00:00:00.005,986931397880.0
2012-09-24 00:00:00.005,1039439940005.0
2012-09-25 00:00:00.005,850206614940.0
2012-09-26 00:00:00.005,794378217930.0
2012-09-27 00:00:00.005,935604966745.0
2012-09-28 00:00:00.005,820711828600.0
2012-10-08 00:00:00.005,675916566740.0
2012-10-09 00:00:00.005,1010930572365.0
2012-10-10 00:00:00.005,791394853895.0
2012-10-11 00:00:00.005,878972125625.0
2012-10-12 00:00:00.005,1004849277915.0
2012-10-15 00:00:00.005,837253483475.0
2012-10-16 00:00:00.005,866674563660.0
2012-10-17 00:00:00.005,982943506805.0
2012-10-18 00:00:00.005,912752891915.0
2012-10-19 00:00:00.005,675707049136.0
2012-10-22 00:00:00.005,715292980060.0
2012-10-23 00:00:00.005,860233116675.0
2012-10-24 00:00:00.005,849904471285.0
2012-10-25 00:00:00.005,829979341655.0
2012-10-26 00:00:00.005,914964371090.0
2012-10-29 00:00:00.005,747975057880.0
2012-10-30 00:00:00.005,773657099990.0
2012-10-31 00:00:00.005,789552416970.0
2012-11-01 00:00:00.005,902062111970.0
2012-11-02 00:00:00.005,814764526905.0
2012-11-05 00:00:00.005,931561583220.0
2012-11-06 00:00:00.005,856466524670.0
2012-11-07 00:00:00.005,960712066720.0
2012-11-08 00:00:00.005,777633777280.0
2012-11-09 00:00:00.005,745451388285.0
2012-11-12 00:00:00.005,880626305020.0
2012-11-13 00:00:00.005,789736659080.0
2012-11-14 00:00:00.005,752710956895.0
2012-11-15 00:00:00.005,879325935130.0
2012-11-16 00:00:00.005,791114021647.0
2012-11-19 00:00:00.005,753582438520.0
2012-11-20 00:00:00.005,705223192530.0
2012-11-21 00:00:00.005,848211766655.0
2012-11-22 00:00:00.005,689779151100.0
2012-11-23 00:00:00.005,786429614445.0
2012-11-26 00:00:00.005,638774487885.0
2012-11-27 00:00:00.005,651834915000.0
2012-11-28 00:00:00.005,594224327940.0
2012-11-29 00:00:00.005,623056317045.0
2012-11-30 00:00:00.005,836629266300.0
2012-12-03 00:00:00.005,795736377190.0
2012-12-04 00:00:00.005,737340400845.0
2012-12-05 00:00:00.005,970920545590.0
2012-12-06 00:00:00.005,785155760170.0
2012-12-07 00:00:00.005,950110221180.0
2012-12-10 00:00:00.005,897567309345.0
2012-12-11 00:00:00.005,746558645710.0
2012-12-12 00:00:00.005,854164389510.0
2012-12-13 00:00:00.005,781565342815.0
2012-12-14 00:00:00.005,1193808753670.0
2012-12-17 00:00:00.005,924218659025.0
2012-12-18 00:00:00.005,1170323401840.0
2012-12-19 00:00:00.005,912212998085.0
2012-12-20 00:00:00.005,1005382757695.0
2012-12-21 00:00:00.005,1081160848135.0
2012-12-24 00:00:00.005,820753528945.0
2012-12-25 00:00:00.005,1126158021610.0
2012-12-26 00:00:00.005,681263960515.0
2012-12-27 00:00:00.005,990718455115.0
2012-12-28 00:00:00.005,897721061595.0
2012-12-31 00:00:00.005,882337657470.0
2013-01-04 00:00:00.005,859704803635.0
2013-01-07 00:00:00.005,1005533616045.0
2013-01-08 00:00:00.005,1100040635575.0
2013-01-09 00:00:00.005,931011628080.0
2013-01-10 00:00:00.005,1018851556950.0
2013-01-11 00:00:00.005,1133669710845.0
2013-01-14 00:00:00.005,1187800959210.0
2013-01-15 00:00:00.005,988958839810.0
2013-01-16 00:00:00.005,1145856048605.0
2013-01-17 00:00:00.005,1120930960275.0
2013-01-18 00:00:00.005,1248992894630.0
2013-01-21 00:00:00.005,973271506525.0
2013-01-22 00:00:00.005,1142404434110.0
2013-01-23 00:00:00.005,973236823975.0
2013-01-24 00:00:00.005,1327759082540.0
2013-01-25 00:00:00.005,819859262520.0
2013-01-28 00:00:00.005,1000130328240.0
2013-01-29 00:00:00.005,876182021145.0
2013-01-30 00:00:00.005,929447568595.0
2013-01-31 00:00:00.005,920418029045.0
2013-02-01 00:00:00.005,1165293320410.0
2013-02-04 00:00:00.005,970659434520.0
2013-02-05 00:00:00.005,1113613057990.0
2013-02-06 00:00:00.005,850388313400.0
2013-02-07 00:00:00.005,1017464348695.0
2013-02-08 00:00:00.005,830689314865.0
2013-02-18 00:00:00.005,814662289334.0
2013-02-19 00:00:00.005,900484521385.0
2013-02-20 00:00:00.005,815479025650.0
2013-02-21 00:00:00.005,1162049611965.0
2013-02-22 00:00:00.005,851111409800.0
2013-02-25 00:00:00.005,1107393568155.0
2013-02-26 00:00:00.005,1199249025735.0
2013-02-27 00:00:00.005,1179179476345.0
2013-02-28 00:00:00.005,1170177113365.0
2013-03-01 00:00:00.005,1163548385600.0
2013-03-04 00:00:00.005,1243223539905.0
2013-03-05 00:00:00.005,1215589334735.0
2013-03-06 00:00:00.005,1205101106895.0
2013-03-07 00:00:00.005,1217400937540.0
2013-03-08 00:00:00.005,1119312437515.0
2013-03-11 00:00:00.005,1065835012370.0
2013-03-12 00:00:00.005,1276125655895.0
2013-03-13 00:00:00.005,1195437702345.0
2013-03-14 00:00:00.005,1218952586930.0
2013-03-15 00:00:00.005,1536768832180.0
2013-03-18 00:00:00.005,1217423484145.0
2013-03-19 00:00:00.005,1085638526715.0
2013-03-20 00:00:00.005,1336907545190.0
2013-03-21 00:00:00.005,1091805770245.0
2013-03-22 00:00:00.005,1027400930315.0
2013-03-25 00:00:00.005,1011992774020.0
2013-03-26 00:00:00.005,1104537738080.0
2013-03-27 00:00:00.005,1062330402065.0
2013-03-28 00:00:00.005,1085124992855.0
2013-03-29 00:00:00.005,1006145953895.0
2013-04-01 00:00:00.005,1067210086555.0
2013-04-02 00:00:00.005,1283792125600.0
2013-04-03 00:00:00.005,1171827291395.0
2013-04-08 00:00:00.005,1018400748720.0
2013-04-09 00:00:00.005,1163483328470.0
2013-04-10 00:00:00.005,978528240850.0
2013-04-11 00:00:00.005,1036164493170.0
2013-04-12 00:00:00.005,956158655565.0
2013-04-15 00:00:00.005,1092881565775.0
2013-04-16 00:00:00.005,1231238885965.0
2013-04-17 00:00:00.005,1270078324970.0
2013-04-18 00:00:00.005,1410403928635.0
2013-04-19 00:00:00.005,1537504929687.0
2013-04-22 00:00:00.005,1020951252790.0
2013-04-23 00:00:00.005,1254926967245.0
2013-04-24 00:00:00.005,1461756395345.0
2013-04-25 00:00:00.005,1391194949615.0
2013-04-26 00:00:00.005,1183228827260.0
2013-05-02 00:00:00.005,882625936690.0
2013-05-03 00:00:00.005,1293975733350.0
2013-05-06 00:00:00.005,1144714121005.0
2013-05-07 00:00:00.005,1229352555095.0
2013-05-08 00:00:00.005,1204580629405.0
2013-05-09 00:00:00.005,1094883215855.0
2013-05-10 00:00:00.005,1321789458615.0
2013-05-13 00:00:00.005,1258050520920.0
2013-05-14 00:00:00.005,1311763729815.0
2013-05-15 00:00:00.005,1138265645120.0
2013-05-16 00:00:00.005,1459757841805.0
2013-05-17 00:00:00.005,1349385114628.0
2013-05-20 00:00:00.005,1190677573610.0
2013-05-21 00:00:00.005,1118836043855.0
2013-05-22 00:00:00.005,1173526151650.0
2013-05-23 00:00:00.005,1312568787275.0
2013-05-24 00:00:00.005,1275473905595.0
2013-05-27 00:00:00.005,1027283909435.0
2013-05-28 00:00:00.005,1210949258135.0
2013-05-29 00:00:00.005,1138656421095.0
2013-05-30 00:00:00.005,1155778596510.0
2013-05-31 00:00:00.005,1093350181435.0
2013-06-03 00:00:00.005,1084827934025.0
2013-06-04 00:00:00.005,1117882424430.0
2013-06-05 00:00:00.005,979014365895.0
2013-06-06 00:00:00.005,1125092058880.0
2013-06-07 00:00:00.005,1072639671740.0
2013-06-13 00:00:00.005,976488273965.0
2013-06-14 00:00:00.005,862901241530.0
2013-06-17 00:00:00.005,995731988185.0
2013-06-18 00:00:00.005,1043394151685.0
2013-06-19 00:00:00.005,1135475599910.0
2013-06-20 00:00:00.005,1120940859825.0
2013-06-21 00:00:00.005,1327538045445.0
2013-06-24 00:00:00.005,1260196776525.0
2013-06-25 00:00:00.005,1579241332620.0
2013-06-26 00:00:00.005,1301993600090.0
2013-06-27 00:00:00.005,1341437708680.0
2013-06-28 00:00:00.005,1424693035270.0
2013-07-01 00:00:00.005,1175070902920.0
2013-07-02 00:00:00.005,1147018205530.0
2013-07-03 00:00:00.005,1210194938160.0
2013-07-04 00:00:00.005,1284886200475.0
2013-07-05 00:00:00.005,1065099076540.0
2013-07-08 00:00:00.005,1182146488810.0
2013-07-09 00:00:00.005,1005240057830.0
2013-07-10 00:00:00.005,1422710241310.0
2013-07-11 00:00:00.005,1721895486475.0
2013-07-12 00:00:00.005,1174061039965.0
2013-07-15 00:00:00.005,1336339957985.0
2013-07-16 00:00:00.005,1211008748285.0
2013-07-17 00:00:00.005,1469427685870.0
2013-07-18 00:00:00.005,1279072976760.0
2013-07-19 00:00:00.005,1296371220708.0
2013-07-22 00:00:00.005,1139158064530.0
2013-07-23 00:00:00.005,1340009942090.0
2013-07-24 00:00:00.005,1288662393700.0
2013-07-25 00:00:00.005,1294442655030.0
2013-07-26 00:00:00.005,1140700234490.0
2013-07-29 00:00:00.005,1013291561075.0
2013-07-30 00:00:00.005,1075958585800.0
2013-07-31 00:00:00.005,1132792076530.0
2013-08-01 00:00:00.005,1361898215870.0
2013-08-02 00:00:00.005,1099154932860.0
2013-08-05 00:00:00.005,1048480099100.0
2013-08-06 00:00:00.005,1069376309830.0
2013-08-07 00:00:00.005,1186487024685.0
2013-08-08 00:00:00.005,1211918242220.0
2013-08-09 00:00:00.005,1318714214970.0
2013-08-12 00:00:00.005,1394268075640.0
2013-08-13 00:00:00.005,1185426968325.0
2013-08-14 00:00:00.005,1424193934065.0
2013-08-15 00:00:00.005,1293588833015.0
2013-08-16 00:00:00.005,1762198660405.0
2013-08-19 00:00:00.005,1369185450400.0
2013-08-20 00:00:00.005,1377079032610.0
2013-08-21 00:00:00.005,1226559833400.0
2013-08-22 00:00:00.005,1275592824050.0
2013-08-23 00:00:00.005,1254730039300.0
2013-08-26 00:00:00.005,1390882291855.0
2013-08-27 00:00:00.005,1188717741775.0
2013-08-28 00:00:00.005,1526597299330.0
2013-08-29 00:00:00.005,1495175885910.0
2013-08-30 00:00:00.005,1375397044450.0
2013-09-02 00:00:00.005,1314489858075.0
2013-09-03 00:00:00.005,1265026722285.0
2013-09-04 00:00:00.005,996025989935.0
2013-09-05 00:00:00.005,1073130139155.0
2013-09-06 00:00:00.005,1211418978200.0
2013-09-09 00:00:00.005,1233267941175.0
2013-09-10 00:00:00.005,1079293949660.0
2013-09-11 00:00:00.005,1126948072155.0
2013-09-12 00:00:00.005,1208561519485.0
2013-09-13 00:00:00.005,1118510348305.0
2013-09-16 00:00:00.005,1140181066800.0
2013-09-17 00:00:00.005,1188957295030.0
2013-09-18 00:00:00.005,1111748547840.0
2013-09-23 00:00:00.005,1024495684060.0
2013-09-24 00:00:00.005,1097368893595.0
2013-09-25 00:00:00.005,1011997191495.0
2013-09-26 00:00:00.005,1043874519194.9999
2013-09-27 00:00:00.005,874935776035.0
2013-09-30 00:00:00.005,676272694610.0
2013-10-08 00:00:00.005,812680244585.0
2013-10-09 00:00:00.005,894094032825.0
2013-10-10 00:00:00.005,1007464361260.0
2013-10-11 00:00:00.005,1100541365245.0
2013-10-14 00:00:00.005,991141255195.0
2013-10-15 00:00:00.005,975537847830.0
2013-10-16 00:00:00.005,1130160111830.0
2013-10-17 00:00:00.005,1117331336800.0
2013-10-18 00:00:00.005,1034111401970.0
2013-10-21 00:00:00.005,1050168719005.0
2013-10-22 00:00:00.005,893523673585.0
2013-10-23 00:00:00.005,1188557628690.0
2013-10-24 00:00:00.005,1098181349285.0
2013-10-25 00:00:00.005,1138884402145.0
2013-10-28 00:00:00.005,890238404240.0
2013-10-29 00:00:00.005,1279830954800.0
2013-10-30 00:00:00.005,1184076371185.0
2013-10-31 00:00:00.005,1094521029550.0
2013-11-01 00:00:00.005,1039342686685.0
2013-11-04 00:00:00.005,954958877240.0
2013-11-05 00:00:00.005,1005920673565.0
2013-11-06 00:00:00.005,925815428780.0
2013-11-07 00:00:00.005,953268247135.0
2013-11-08 00:00:00.005,994835384445.0
2013-11-11 00:00:00.005,938294869595.0
2013-11-12 00:00:00.005,952927025790.0
2013-11-13 00:00:00.005,1007043334750.0
2013-11-14 00:00:00.005,940855502170.0
2013-11-15 00:00:00.005,1204385527610.0
2013-11-18 00:00:00.005,1070769631895.0
2013-11-19 00:00:00.005,861712615015.0
2013-11-20 00:00:00.005,958879518665.0
2013-11-21 00:00:00.005,1034944891935.0
2013-11-22 00:00:00.005,980027433135.0
2013-11-25 00:00:00.005,949025890670.0
2013-11-26 00:00:00.005,971371590735.0
2013-11-27 00:00:00.005,1014116978300.0
2013-11-28 00:00:00.005,1057364257510.0
2013-11-29 00:00:00.005,738281425010.0
2013-12-02 00:00:00.005,1103482244055.0
2013-12-03 00:00:00.005,941386312280.0
2013-12-04 00:00:00.005,1071061745320.0
2013-12-05 00:00:00.005,851463090680.0
2013-12-06 00:00:00.005,912418917880.0
2013-12-09 00:00:00.005,895268032695.0
2013-12-10 00:00:00.005,867551032495.0
2013-12-11 00:00:00.005,893810661185.0
2013-12-12 00:00:00.005,848295497845.0
2013-12-13 00:00:00.005,1069226589230.0
2013-12-16 00:00:00.005,900809750830.0
2013-12-17 00:00:00.005,927872563580.0
2013-12-18 00:00:00.005,877883727215.0
2013-12-19 00:00:00.005,992862229085.0
2013-12-20 00:00:00.005,1054504373255.0
2013-12-23 00:00:00.005,943157422265.0
2013-12-24 00:00:00.005,911743896280.0
2013-12-25 00:00:00.005,939637669135.0
2013-12-26 00:00:00.005,841862401935.0
2013-12-27 00:00:00.005,1096573435635.0
2013-12-30 00:00:00.005,925387621485.0
2013-12-31 00:00:00.005,1084453220960.0
2014-01-02 00:00:00.005,743134626060.0
2014-01-03 00:00:00.005,898025534915.0
2014-01-06 00:00:00.005,925999668950.0
2014-01-07 00:00:00.005,973125732750.0
2014-01-08 00:00:00.005,973049475065.0
2014-01-09 00:00:00.005,1089681023660.0
2014-01-10 00:00:00.005,982714212055.0
2014-01-13 00:00:00.005,944830194680.0
2014-01-14 00:00:00.005,973385274130.0
2014-01-15 00:00:00.005,870474866760.0
2014-01-16 00:00:00.005,979035136530.0
2014-01-17 00:00:00.005,923467866970.0
2014-01-20 00:00:00.005,848575991480.0
2014-01-21 00:00:00.005,804736416970.0
2014-01-22 00:00:00.005,983358253985.0
2014-01-23 00:00:00.005,746556791055.0
2014-01-24 00:00:00.005,940194740175.0
2014-01-27 00:00:00.005,741629836535.0
2014-01-28 00:00:00.005,743617860810.0
2014-01-29 00:00:00.005,591660807745.0
2014-01-30 00:00:00.005,532697162640.0
2014-02-07 00:00:00.005,565799657595.0
2014-02-10 00:00:00.005,842530426280.0
2014-02-11 00:00:00.005,804795023050.0
2014-02-12 00:00:00.005,742657560325.0
2014-02-13 00:00:00.005,724928095980.0
2014-02-14 00:00:00.005,745384589150.0
2014-02-17 00:00:00.005,986386096080.0
2014-02-18 00:00:00.005,847902502160.0
2014-02-19 00:00:00.005,1000107620365.0
2014-02-20 00:00:00.005,1016198930505.0
2014-02-21 00:00:00.005,819224856814.0
2014-02-24 00:00:00.005,977490994545.0
2014-02-25 00:00:00.005,1000648082125.0
2014-02-26 00:00:00.005,1029701130545.0
2014-02-27 00:00:00.005,1061262941475.0
2014-02-28 00:00:00.005,1103133628145.0
2014-03-03 00:00:00.005,959624301210.0
2014-03-04 00:00:00.005,997274023165.0
2014-03-05 00:00:00.005,1058411291375.0
2014-03-06 00:00:00.005,1117961124120.0
2014-03-07 00:00:00.005,1117831827640.0
2014-03-10 00:00:00.005,1157778015285.0
2014-03-11 00:00:00.005,1313223394945.0
2014-03-12 00:00:00.005,1493150158930.0
2014-03-13 00:00:00.005,1279601820950.0
2014-03-14 00:00:00.005,1100959059445.0
2014-03-17 00:00:00.005,1156208729955.0
2014-03-18 00:00:00.005,1064449045220.0
2014-03-19 00:00:00.005,1123027238245.0
2014-03-20 00:00:00.005,1460839996845.0
2014-03-21 00:00:00.005,1417746728855.0
2014-03-24 00:00:00.005,1050630225255.0
2014-03-25 00:00:00.005,1166737469765.0
2014-03-26 00:00:00.005,966489735045.0
2014-03-27 00:00:00.005,1287689676575.0
2014-03-28 00:00:00.005,1158801989995.0
2014-03-31 00:00:00.005,1037885601585.0
2014-04-01 00:00:00.005,1045249129030.0
2014-04-02 00:00:00.005,1004245023940.0
2014-04-03 00:00:00.005,1064819977820.0
2014-04-04 00:00:00.005,947940488720.0
2014-04-08 00:00:00.005,1051182562760.0
2014-04-09 00:00:00.005,911321470615.0
2014-04-10 00:00:00.005,1202389176740.0
2014-04-11 00:00:00.005,941660414080.0
2014-04-14 00:00:00.005,949338545910.0
2014-04-15 00:00:00.005,982910189860.0
2014-04-16 00:00:00.005,1115309952690.0
2014-04-17 00:00:00.005,990477027130.0
2014-04-18 00:00:00.005,1117365342026.0
2014-04-21 00:00:00.005,947900266090.0
2014-04-22 00:00:00.005,985936504865.0
2014-04-23 00:00:00.005,947635527005.0
2014-04-24 00:00:00.005,977355873310.0
2014-04-25 00:00:00.005,1098430674740.0
2014-04-28 00:00:00.005,1005562661560.0
2014-04-29 00:00:00.005,854378902985.0
2014-04-30 00:00:00.005,677388709090.0
2014-05-05 00:00:00.005,813144273580.0
2014-05-06 00:00:00.005,825353393950.0
2014-05-07 00:00:00.005,829847040965.0
2014-05-08 00:00:00.005,1012147937935.0
2014-05-09 00:00:00.005,912179078250.0
2014-05-12 00:00:00.005,1093853691875.0
2014-05-13 00:00:00.005,793328941910.0
2014-05-14 00:00:00.005,878789802590.0
2014-05-15 00:00:00.005,860452869765.0
2014-05-16 00:00:00.005,925887871129.0
2014-05-19 00:00:00.005,1015693575180.0
2014-05-20 00:00:00.005,845804982740.0
2014-05-21 00:00:00.005,1056522203255.0
2014-05-22 00:00:00.005,1100514357195.0
2014-05-23 00:00:00.005,954090324860.0
2014-05-26 00:00:00.005,896500126425.0
2014-05-27 00:00:00.005,932666573440.0
2014-05-28 00:00:00.005,1089906341015.0
2014-05-29 00:00:00.005,856871499480.0
2014-05-30 00:00:00.005,966198425020.0
2014-06-03 00:00:00.005,729990816990.0
2014-06-04 00:00:00.005,791906048935.0
2014-06-05 00:00:00.005,947120091820.0
2014-06-06 00:00:00.005,956022240470.0
2014-06-09 00:00:00.005,1074519920295.0
2014-06-10 00:00:00.005,1101612547770.0
2014-06-11 00:00:00.005,866413812625.0
2014-06-12 00:00:00.005,803604158715.0
2014-06-13 00:00:00.005,1143485320300.0
2014-06-16 00:00:00.005,901730034620.0
2014-06-17 00:00:00.005,903807860945.0
2014-06-18 00:00:00.005,856269250620.0
2014-06-19 00:00:00.005,939180786485.0
2014-06-20 00:00:00.005,1088898407451.0
2014-06-23 00:00:00.005,1048688505035.0
2014-06-24 00:00:00.005,857448260850.0
2014-06-25 00:00:00.005,887837752185.0
2014-06-26 00:00:00.005,958068628665.0
2014-06-27 00:00:00.005,897884642030.0
2014-06-30 00:00:00.005,830144791265.0
2014-07-01 00:00:00.005,877300132370.0
2014-07-02 00:00:00.005,999431882895.0
2014-07-03 00:00:00.005,956567572570.0
2014-07-04 00:00:00.005,792864408805.0
2014-07-07 00:00:00.005,901485939800.0
2014-07-08 00:00:00.005,865848674100.0
2014-07-09 00:00:00.005,937204327895.0
2014-07-10 00:00:00.005,796279827965.0
2014-07-11 00:00:00.005,899189113185.0
2014-07-14 00:00:00.005,837567854610.0
2014-07-15 00:00:00.005,776915696515.0
2014-07-16 00:00:00.005,824657756800.0
2014-07-17 00:00:00.005,857873478360.0
2014-07-18 00:00:00.005,1040139936830.0
2014-07-21 00:00:00.005,757343093145.0
2014-07-22 00:00:00.005,988098374950.0
2014-07-23 00:00:00.005,912833961725.0
2014-07-24 00:00:00.005,1154595117370.0
2014-07-25 00:00:00.005,947705401525.0
2014-07-28 00:00:00.005,1262758628715.0
2014-07-29 00:00:00.005,1025068715980.0
2014-07-30 00:00:00.005,1048083767735.0
2014-07-31 00:00:00.005,1016492880405.0
2014-08-01 00:00:00.005,1176672610255.0
2014-08-04 00:00:00.005,1160374627080.0
2014-08-05 00:00:00.005,1140781444880.0
2014-08-06 00:00:00.005,1147992906885.0
2014-08-07 00:00:00.005,1103120798375.0
2014-08-08 00:00:00.005,984036585110.0
2014-08-11 00:00:00.005,1019313313805.0
2014-08-12 00:00:00.005,928253691945.0
2014-08-13 00:00:00.005,1164514709345.0
2014-08-14 00:00:00.005,1201944679350.0
2014-08-15 00:00:00.005,1110095489995.0
2014-08-18 00:00:00.005,1000428508910.0
2014-08-19 00:00:00.005,872907617370.0
2014-08-20 00:00:00.005,925321394185.0
2014-08-21 00:00:00.005,967301345790.0
2014-08-22 00:00:00.005,944291077165.0
2014-08-25 00:00:00.005,890112581230.0
2014-08-26 00:00:00.005,895754590515.0
2014-08-27 00:00:00.005,827638991165.0
2014-08-28 00:00:00.005,882996689380.0
2014-08-29 00:00:00.005,882093840715.0
2014-09-01 00:00:00.005,807938747215.0
2014-09-02 00:00:00.005,1074936964390.0
2014-09-03 00:00:00.005,1112252649785.0
2014-09-04 00:00:00.005,1075092121075.0
2014-09-05 00:00:00.005,1171773581270.0
2014-09-09 00:00:00.005,899281462235.0
2014-09-10 00:00:00.005,1169352290070.0
2014-09-11 00:00:00.005,1332154353295.0
2014-09-12 00:00:00.005,1146673396355.0
2014-09-15 00:00:00.005,1070469490635.0
2014-09-16 00:00:00.005,1361691390400.0
2014-09-17 00:00:00.005,1104152738480.0
2014-09-18 00:00:00.005,1100289899530.0
2014-09-19 00:00:00.005,1256142363850.0
2014-09-22 00:00:00.005,1401386319805.0
2014-09-23 00:00:00.005,1257945023385.0
2014-09-24 00:00:00.005,1328757694345.0
2014-09-25 00:00:00.005,1461695865550.0
2014-09-26 00:00:00.005,1376038908290.0
2014-09-29 00:00:00.005,1025413126415.0
2014-09-30 00:00:00.005,849267709645.0
2014-10-08 00:00:00.005,922669470255.0
2014-10-09 00:00:00.005,1126353658110.0
2014-10-10 00:00:00.005,1204884574320.0
2014-10-13 00:00:00.005,1259558668610.0
2014-10-14 00:00:00.005,1150468327030.0
2014-10-15 00:00:00.005,1365109524640.0
2014-10-16 00:00:00.005,1573610956605.0
2014-10-17 00:00:00.005,1390666585260.0
2014-10-20 00:00:00.005,1024634558800.0
2014-10-21 00:00:00.005,1090117553600.0
2014-10-22 00:00:00.005,1106301671300.0
2014-10-23 00:00:00.005,1215312768685.0
2014-10-24 00:00:00.005,999587068395.0
2014-10-27 00:00:00.005,989526056505.0
2014-10-28 00:00:00.005,1031070247355.0
2014-10-29 00:00:00.005,1207517571595.0
2014-10-30 00:00:00.005,1325837648815.0
2014-10-31 00:00:00.005,1564392885845.0
2014-11-03 00:00:00.005,1190498649080.0
2014-11-04 00:00:00.005,1099666365645.0
2014-11-05 00:00:00.005,1288331483665.0
2014-11-06 00:00:00.005,1273150707475.0
2014-11-07 00:00:00.005,1639832950965.0
2014-11-10 00:00:00.005,1588764650215.0
2014-11-11 00:00:00.005,1707197764140.0
2014-11-12 00:00:00.005,1429427159575.0
2014-11-13 00:00:00.005,1413719500645.0
2014-11-14 00:00:00.005,1385138195355.0
2014-11-17 00:00:00.005,1722030119390.0
2014-11-18 00:00:00.005,1353395133405.0
2014-11-19 00:00:00.005,1250622539590.0
2014-11-20 00:00:00.005,1331271677185.0
2014-11-21 00:00:00.005,1499119680375.0
2014-11-24 00:00:00.005,1735144261040.0
2014-11-25 00:00:00.005,1415076574985.0
2014-11-26 00:00:00.005,1674170561400.0
2014-11-27 00:00:00.005,1566182176665.0
2014-11-28 00:00:00.005,1761857769165.0
2014-12-01 00:00:00.005,1739948913695.0
2014-12-02 00:00:00.005,2461502559920.0
2014-12-03 00:00:00.005,2782952310530.0
2014-12-04 00:00:00.005,2716131547100.0
2014-12-05 00:00:00.005,2853868448200.0
2014-12-08 00:00:00.005,2626446392635.0
2014-12-09 00:00:00.005,3408682628800.0
2014-12-10 00:00:00.005,3157005650745.0
2014-12-11 00:00:00.005,2571759762935.0
2014-12-12 00:00:00.005,2218773178255.0
2014-12-15 00:00:00.005,1875086515090.0
2014-12-16 00:00:00.005,2405987790145.0
2014-12-17 00:00:00.005,2932834352605.0
2014-12-18 00:00:00.005,2474307217165.0
2014-12-19 00:00:00.005,2367765340884.0
2014-12-22 00:00:00.005,2329391976325.0
2014-12-23 00:00:00.005,2298424228455.0
2014-12-24 00:00:00.005,2416441227725.0
2014-12-25 00:00:00.005,2277131152565.0
2014-12-26 00:00:00.005,2388045221545.0
2014-12-29 00:00:00.005,2469750541335.0
2014-12-30 00:00:00.005,2700305797665.0
2014-12-31 00:00:00.005,2171234438550.0
2015-01-05 00:00:00.005,2012971707635.0
2015-01-06 00:00:00.005,2513395146055.0
2015-01-07 00:00:00.005,2143200024950.0
2015-01-08 00:00:00.005,2379906212910.0
2015-01-09 00:00:00.005,2715249982160.0
2015-01-12 00:00:00.005,2153939413515.0
2015-01-13 00:00:00.005,1903355656930.0
2015-01-14 00:00:00.005,2071312781305.0
2015-01-15 00:00:00.005,2587997318235.0
2015-01-16 00:00:00.005,2294678572743.0
2015-01-19 00:00:00.005,2030575124465.0
2015-01-20 00:00:00.005,2545433286520.0
2015-01-21 00:00:00.005,2441909310350.0
2015-01-22 00:00:00.005,2089430098860.0
2015-01-23 00:00:00.005,2412127499920.0
2015-01-26 00:00:00.005,1948911968925.0
2015-01-27 00:00:00.005,2188953711420.0
2015-01-28 00:00:00.005,2172382149935.0
2015-01-29 00:00:00.005,1964345571160.0
2015-01-30 00:00:00.005,2186058353230.0
2015-02-02 00:00:00.005,1846274820090.0
2015-02-03 00:00:00.005,2018741146880.0
2015-02-04 00:00:00.005,2124818041360.0
2015-02-05 00:00:00.005,2370264307620.0
2015-02-06 00:00:00.005,2072276866649.9998
2015-02-09 00:00:00.005,2011476993960.0
2015-02-10 00:00:00.005,1967598036735.0
2015-02-11 00:00:00.005,1689270187575.0
2015-02-12 00:00:00.005,1502466210460.0
2015-02-13 00:00:00.005,1978115295620.0
2015-02-16 00:00:00.005,1289152926235.0
2015-02-17 00:00:00.005,1149099289955.0
2015-02-25 00:00:00.005,1232072726812.0
2015-02-26 00:00:00.005,1613855966950.0
2015-02-27 00:00:00.005,1598477075840.0
2015-03-02 00:00:00.005,1959638127485.0
2015-03-03 00:00:00.005,1925737712600.0
2015-03-04 00:00:00.005,1859081422865.0
2015-03-05 00:00:00.005,1936135107065.0
2015-03-06 00:00:00.005,1654484894380.0
2015-03-09 00:00:00.005,2083523973590.0002
2015-03-10 00:00:00.005,1741343323465.0
2015-03-11 00:00:00.005,2004583389915.0
2015-03-12 00:00:00.005,2193326837995.0
2015-03-13 00:00:00.005,1982115173010.0
2015-03-16 00:00:00.005,1922429880690.0
2015-03-17 00:00:00.005,2098629693775.0
2015-03-18 00:00:00.005,2320836727670.0
2015-03-19 00:00:00.005,1999692138075.0
2015-03-20 00:00:00.005,2543985410040.0
2015-03-23 00:00:00.005,2437292500090.0
2015-03-24 00:00:00.005,2531899281905.0
2015-03-25 00:00:00.005,2230048015035.0
2015-03-26 00:00:00.005,2686559861930.0
2015-03-27 00:00:00.005,2333992570720.0
2015-03-30 00:00:00.005,2329312492755.0
2015-03-31 00:00:00.005,2775401586150.0
2015-04-01 00:00:00.005,2747597150365.0
2015-04-02 00:00:00.005,2728699274040.0
2015-04-03 00:00:00.005,2836452916430.0
2015-04-07 00:00:00.005,2092987948105.0
2015-04-08 00:00:00.005,2793605199875.0
2015-04-09 00:00:00.005,2838457877300.0
2015-04-10 00:00:00.005,2704571179735.0
2015-04-13 00:00:00.005,2558823135895.0
2015-04-14 00:00:00.005,2856204787780.0
2015-04-15 00:00:00.005,3105835863365.0
2015-04-16 00:00:00.005,3536788298915.0
2015-04-17 00:00:00.005,3489886627386.0
2015-04-20 00:00:00.005,3566326808065.0
2015-04-21 00:00:00.005,3304549259390.0
2015-04-22 00:00:00.005,3060762905735.0
2015-04-23 00:00:00.005,3495989007145.0
2015-04-24 00:00:00.005,3397486305510.0
2015-04-27 00:00:00.005,3427521144410.0
2015-04-28 00:00:00.005,3663444757055.0
2015-04-29 00:00:00.005,3130036586140.0
2015-04-30 00:00:00.005,3002482323885.0
2015-05-04 00:00:00.005,2509740051610.0
2015-05-05 00:00:00.005,3131831142415.0
2015-05-06 00:00:00.005,3637447442115.0
2015-05-07 00:00:00.005,3393588744425.0
2015-05-08 00:00:00.005,3459401009660.0
2015-05-11 00:00:00.005,3178341090635.0
2015-05-12 00:00:00.005,3214464982360.0005
2015-05-13 00:00:00.005,3173452960505.0
2015-05-14 00:00:00.005,3311273218635.0
2015-05-15 00:00:00.005,3563106446327.0
2015-05-18 00:00:00.005,2785628489695.0
2015-05-19 00:00:00.005,3458640414260.0
2015-05-20 00:00:00.005,3781599041760.0
2015-05-21 00:00:00.005,3615247209360.0
2015-05-22 00:00:00.005,3783048202060.0
2015-05-25 00:00:00.005,3464052099715.0
2015-05-26 00:00:00.005,4191227176605.0
2015-05-27 00:00:00.005,4240464836215.0
2015-05-28 00:00:00.005,4711554616080.0
2015-05-29 00:00:00.005,4588463173175.0
2015-06-01 00:00:00.005,4049281593395.0
2015-06-02 00:00:00.005,4517812075625.0
2015-06-03 00:00:00.005,4870758289735.0
2015-06-04 00:00:00.005,5383311071700.0
2015-06-05 00:00:00.005,5060694345420.0
2015-06-08 00:00:00.005,4588606668055.0
2015-06-09 00:00:00.005,4609503896395.0
2015-06-10 00:00:00.005,4501443816810.0
2015-06-11 00:00:00.005,4023355008525.0
2015-06-12 00:00:00.005,4046135214620.0
2015-06-15 00:00:00.005,4182067652300.0
2015-06-16 00:00:00.005,4733317489710.0
2015-06-17 00:00:00.005,4767231824810.0
2015-06-18 00:00:00.005,4504481230640.0
2015-06-19 00:00:00.005,5109666441708.0
2015-06-23 00:00:00.005,4714600506460.0
2015-06-24 00:00:00.005,4312410645105.0
2015-06-25 00:00:00.005,4694761596600.0
2015-06-26 00:00:00.005,4639338983765.0
2015-06-29 00:00:00.005,5813845490500.0
2015-06-30 00:00:00.005,5263632730655.0
2015-07-01 00:00:00.005,4804832151875.0
2015-07-02 00:00:00.005,5225133676065.0
2015-07-03 00:00:00.005,4771924226225.0
2015-07-06 00:00:00.005,4111274046595.0
2015-07-07 00:00:00.005,3056336319055.0
2015-07-08 00:00:00.005,1476311878675.0
2015-07-09 00:00:00.005,2072139666435.0
2015-07-10 00:00:00.005,2808720776935.0
2015-07-13 00:00:00.005,3360616216000.0
2015-07-14 00:00:00.005,3349448459755.0
2015-07-15 00:00:00.005,3236154941920.0
2015-07-16 00:00:00.005,4100862505235.0
2015-07-17 00:00:00.005,3773866701537.0
2015-07-20 00:00:00.005,3592496695440.0
2015-07-21 00:00:00.005,3723042898270.0
2015-07-22 00:00:00.005,3089503898835.0
2015-07-23 00:00:00.005,3478390058810.0
2015-07-24 00:00:00.005,3573487969520.0
2015-07-27 00:00:00.005,3109511902100.0
2015-07-28 00:00:00.005,3687148801735.0
2015-07-29 00:00:00.005,3483979994205.0
2015-07-30 00:00:00.005,3636154867540.0
2015-07-31 00:00:00.005,3139625418660.0
2015-08-03 00:00:00.005,2350274648775.0
2015-08-04 00:00:00.005,2768287668170.0
2015-08-05 00:00:00.005,2569585039365.0
2015-08-06 00:00:00.005,3056600893635.0
2015-08-07 00:00:00.005,3380857200875.0
2015-08-10 00:00:00.005,3174074029020.0
2015-08-11 00:00:00.005,3429636438115.0
2015-08-12 00:00:00.005,3619485310765.0
2015-08-13 00:00:00.005,3420339458995.0
2015-08-14 00:00:00.005,3239901351980.0
2015-08-17 00:00:00.005,3080018008155.0
2015-08-18 00:00:00.005,3561138766680.0
2015-08-19 00:00:00.005,3954030927160.0
2015-08-20 00:00:00.005,3520708593985.0
2015-08-21 00:00:00.005,3647716876408.0
2015-08-24 00:00:00.005,2316621177695.0
2015-08-25 00:00:00.005,3307355237875.0
2015-08-26 00:00:00.005,2609966618010.0
2015-08-27 00:00:00.005,2608493585185.0
2015-08-28 00:00:00.005,2249310219510.0
2015-08-31 00:00:00.005,1344189730805.0
2015-09-01 00:00:00.005,1297051320625.0
2015-09-02 00:00:00.005,1280469684100.0
2015-09-07 00:00:00.005,391863517130.0
2015-09-08 00:00:00.005,504939518240.0
2015-09-09 00:00:00.005,861376416760.0
2015-09-10 00:00:00.005,758085812990.0
2015-09-11 00:00:00.005,779166840915.0
2015-09-14 00:00:00.005,718370648720.0
2015-09-15 00:00:00.005,672616656725.0
2015-09-16 00:00:00.005,734613284635.0
2015-09-17 00:00:00.005,770651949475.0
2015-09-18 00:00:00.005,679093916592.0
2015-09-21 00:00:00.005,687123163000.0
2015-09-22 00:00:00.005,607135751695.0
2015-09-23 00:00:00.005,709159976650.0
2015-09-24 00:00:00.005,541838878875.0
2015-09-25 00:00:00.005,714830644205.0
2015-09-28 00:00:00.005,393887045320.0
2015-09-29 00:00:00.005,573728444550.0
2015-09-30 00:00:00.005,397277270395.0
2015-10-08 00:00:00.005,356251004590.0
2015-10-09 00:00:00.005,696516433985.0
2015-10-12 00:00:00.005,723441345160.0
2015-10-13 00:00:00.005,594202997330.0
2015-10-14 00:00:00.005,630409290215.0
2015-10-15 00:00:00.005,621356412265.0
2015-10-16 00:00:00.005,662765462450.0
2015-10-19 00:00:00.005,588471389160.0
2015-10-20 00:00:00.005,597753744375.0
2015-10-21 00:00:00.005,659527799945.0
2015-10-22 00:00:00.005,649042536855.0
2015-10-23 00:00:00.005,777375762750.0
2015-10-26 00:00:00.005,718192172110.0
2015-10-27 00:00:00.005,697873126260.0
2015-10-28 00:00:00.005,613392884265.0
2015-10-29 00:00:00.005,663161945700.0
2015-10-30 00:00:00.005,616703575815.0
2015-11-02 00:00:00.005,565591205070.0
2015-11-03 00:00:00.005,559510075255.0
2015-11-04 00:00:00.005,646155679385.0
2015-11-05 00:00:00.005,689898544260.0
2015-11-06 00:00:00.005,724502825550.0
2015-11-09 00:00:00.005,659391103585.0
2015-11-10 00:00:00.005,650740875945.0
2015-11-11 00:00:00.005,724689737850.0
2015-11-12 00:00:00.005,639608296515.0
2015-11-13 00:00:00.005,721871186500.0
2015-11-16 00:00:00.005,656421110940.0
2015-11-17 00:00:00.005,783463766850.0
2015-11-18 00:00:00.005,713960943935.0
2015-11-19 00:00:00.005,800456687450.0
2015-11-20 00:00:00.005,885137902875.0
2015-11-23 00:00:00.005,989012324270.0
2015-11-24 00:00:00.005,952096599400.0
2015-11-25 00:00:00.005,949450846540.0
2015-11-26 00:00:00.005,1079644944060.0
2015-11-27 00:00:00.005,823063616380.0
2015-11-30 00:00:00.005,770551058075.0
2015-12-01 00:00:00.005,773306305955.0
2015-12-02 00:00:00.005,754042174435.0
2015-12-03 00:00:00.005,692269404500.0
2015-12-04 00:00:00.005,738238332680.0
2015-12-07 00:00:00.005,722565112950.0
2015-12-08 00:00:00.005,658805641660.0
2015-12-09 00:00:00.005,609365737960.0
2015-12-10 00:00:00.005,640206064900.0
2015-12-11 00:00:00.005,624823890745.0
2015-12-14 00:00:00.005,703994515580.0
2015-12-15 00:00:00.005,681171712120.0
2015-12-16 00:00:00.005,531717168320.0
2015-12-17 00:00:00.005,690025623195.0
2015-12-18 00:00:00.005,650024844914.0
2015-12-21 00:00:00.005,777838482310.0
2015-12-22 00:00:00.005,680535620370.0
2015-12-23 00:00:00.005,610629020645.0
2015-12-24 00:00:00.005,630187814425.0
2015-12-25 00:00:00.005,428576228330.0
2015-12-28 00:00:00.005,517034687665.0
2015-12-29 00:00:00.005,602342723005.0
2015-12-30 00:00:00.005,755784076760.0
2015-12-31 00:00:00.005,630020352810.0
2016-01-04 00:00:00.005,561485761900.0
2016-01-05 00:00:00.005,616988836135.0
2016-01-06 00:00:00.005,638450607430.0
2016-01-07 00:00:00.005,715859076155.0
2016-01-08 00:00:00.005,762273970390.0
2016-01-11 00:00:00.005,689371524190.0
2016-01-12 00:00:00.005,668589553400.0
2016-01-13 00:00:00.005,641405323095.0
2016-01-14 00:00:00.005,681831330460.0
2016-01-15 00:00:00.005,647757339644.0
2016-01-18 00:00:00.005,811305791050.0
2016-01-19 00:00:00.005,674934217240.0
2016-01-20 00:00:00.005,630281926325.0
2016-01-21 00:00:00.005,668286757735.0
2016-01-22 00:00:00.005,713738968600.0
2016-01-25 00:00:00.005,585148175460.0
2016-01-26 00:00:00.005,567353858490.0
2016-01-27 00:00:00.005,703336896825.0
2016-01-28 00:00:00.005,604030991640.0
2016-01-29 00:00:00.005,612073569635.0
2016-02-01 00:00:00.005,532903838600.0
2016-02-02 00:00:00.005,479370614135.0
2016-02-03 00:00:00.005,461902800975.0
2016-02-04 00:00:00.005,542316506735.0
2016-02-05 00:00:00.005,378437231025.0
2016-02-15 00:00:00.005,399406862010.0
2016-02-16 00:00:00.005,514032582000.0
2016-02-17 00:00:00.005,541741843995.0
2016-02-18 00:00:00.005,481981307020.0
2016-02-19 00:00:00.005,644648890743.0
2016-02-22 00:00:00.005,686904606690.0
2016-02-23 00:00:00.005,646611279785.0
2016-02-24 00:00:00.005,704725841550.0
2016-02-25 00:00:00.005,780835756670.0
2016-02-26 00:00:00.005,759583464295.0
2016-02-29 00:00:00.005,919712759625.0
2016-03-01 00:00:00.005,872570617055.0
2016-03-02 00:00:00.005,908050318305.0
2016-03-03 00:00:00.005,836891591230.0
2016-03-04 00:00:00.005,1056972534970.0
2016-03-07 00:00:00.005,1238312815745.0
2016-03-08 00:00:00.005,1269573682290.0
2016-03-09 00:00:00.005,1212112616960.0
2016-03-10 00:00:00.005,1225850042120.0
2016-03-11 00:00:00.005,999197624405.0
2016-03-14 00:00:00.005,1021977935240.0
2016-03-15 00:00:00.005,889667437800.0
2016-03-16 00:00:00.005,790345953095.0
2016-03-17 00:00:00.005,947804202945.0
2016-03-18 00:00:00.005,1220924318149.0
2016-03-21 00:00:00.005,1112284369265.0
2016-03-22 00:00:00.005,956858296405.0
2016-03-23 00:00:00.005,1007259262490.0
2016-03-24 00:00:00.005,1110971463970.0
2016-03-25 00:00:00.005,831352039305.0
2016-03-28 00:00:00.005,918326449640.0
2016-03-29 00:00:00.005,876669854080.0
2016-03-30 00:00:00.005,930122484945.0
2016-03-31 00:00:00.005,831094387025.0
2016-04-01 00:00:00.005,856210999785.0
2016-04-05 00:00:00.005,604695902520.0
2016-04-06 00:00:00.005,685552130285.0
2016-04-07 00:00:00.005,635790032985.0
2016-04-08 00:00:00.005,717044092805.0
2016-04-11 00:00:00.005,985685630840.0
2016-04-12 00:00:00.005,910714862005.0
2016-04-13 00:00:00.005,1464354045035.0
2016-04-14 00:00:00.005,1097751467760.0
2016-04-15 00:00:00.005,1040205975273.0
2016-04-18 00:00:00.005,1115720312230.0
2016-04-19 00:00:00.005,1208579858325.0
2016-04-20 00:00:00.005,1591568947985.0
2016-04-21 00:00:00.005,1775804782625.0
2016-04-22 00:00:00.005,1762167006690.0
2016-04-25 00:00:00.005,1525073124585.0
2016-04-26 00:00:00.005,1253399803780.0
2016-04-27 00:00:00.005,1096395301120.0
2016-04-28 00:00:00.005,1049448931535.0
2016-04-29 00:00:00.005,877880413685.0
2016-05-03 00:00:00.005,647505328680.0
2016-05-04 00:00:00.005,804977748505.0
2016-05-05 00:00:00.005,745822943590.0
2016-05-06 00:00:00.005,885047149915.0
2016-05-09 00:00:00.005,971075152635.0
2016-05-10 00:00:00.005,809890939275.0
2016-05-11 00:00:00.005,762906870955.0
2016-05-12 00:00:00.005,855022434525.0
2016-05-13 00:00:00.005,960502246480.0
2016-05-16 00:00:00.005,760542023730.0
2016-05-17 00:00:00.005,669065410990.0
2016-05-18 00:00:00.005,938816718605.0
2016-05-19 00:00:00.005,797286135825.0
2016-05-20 00:00:00.005,669137990821.0
2016-05-23 00:00:00.005,814663594650.0
2016-05-24 00:00:00.005,668728491275.0
2016-05-25 00:00:00.005,713747352905.0
2016-05-26 00:00:00.005,725850831140.0
2016-05-27 00:00:00.005,830656550495.0
2016-05-30 00:00:00.005,771212167765.0
2016-05-31 00:00:00.005,687884372905.0
2016-06-01 00:00:00.005,662410421025.0
2016-06-02 00:00:00.005,650955718470.0
2016-06-03 00:00:00.005,673170373060.0
2016-06-06 00:00:00.005,728188676080.0
2016-06-07 00:00:00.005,654759016650.0
2016-06-08 00:00:00.005,625831536730.0
2016-06-13 00:00:00.005,596435156175.0
2016-06-14 00:00:00.005,781823243200.0
2016-06-15 00:00:00.005,707784418535.0
2016-06-16 00:00:00.005,768802381260.0
2016-06-17 00:00:00.005,810690910366.0
2016-06-20 00:00:00.005,684004651645.0
2016-06-21 00:00:00.005,679937714850.0
2016-06-22 00:00:00.005,669210698730.0
2016-06-23 00:00:00.005,661410104350.0
2016-06-24 00:00:00.005,1017415796535.0
2016-06-27 00:00:00.005,818608800945.0
2016-06-28 00:00:00.005,859329462345.0
2016-06-29 00:00:00.005,868678114965.0
2016-06-30 00:00:00.005,920938235470.0
2016-07-01 00:00:00.005,947696277930.0
2016-07-04 00:00:00.005,1170514386195.0
2016-07-05 00:00:00.005,1173588774080.0
2016-07-06 00:00:00.005,1212785805015.0
2016-07-07 00:00:00.005,1008720677120.0
2016-07-08 00:00:00.005,1000819230735.0
2016-07-11 00:00:00.005,867071648850.0
2016-07-12 00:00:00.005,886130310655.0
2016-07-13 00:00:00.005,1161413900495.0
2016-07-14 00:00:00.005,871091870870.0
2016-07-15 00:00:00.005,841768632957.0
2016-07-18 00:00:00.005,869330044330.0
2016-07-19 00:00:00.005,859893092190.0
2016-07-20 00:00:00.005,822410153340.0
2016-07-21 00:00:00.005,812845489425.0
2016-07-22 00:00:00.005,833217820730.0
2016-07-25 00:00:00.005,740324878000.0
2016-07-26 00:00:00.005,676520708950.0
2016-07-27 00:00:00.005,739323315140.0
2016-07-28 00:00:00.005,828519067815.0
2016-07-29 00:00:00.005,734379097560.0
2016-08-01 00:00:00.005,755024940845.0
2016-08-02 00:00:00.005,650520902340.0
2016-08-03 00:00:00.005,651686522535.0
2016-08-04 00:00:00.005,727221960950.0
2016-08-05 00:00:00.005,678767175205.0
2016-08-08 00:00:00.005,700370098365.0
2016-08-09 00:00:00.005,654930635845.0
2016-08-10 00:00:00.005,692677907355.0
2016-08-11 00:00:00.005,654142768045.0
2016-08-12 00:00:00.005,604582482690.0
2016-08-15 00:00:00.005,767034573665.0
2016-08-16 00:00:00.005,688128132715.0
2016-08-17 00:00:00.005,662893116395.0
2016-08-18 00:00:00.005,706911312700.0
2016-08-19 00:00:00.005,636923557853.0
2016-08-22 00:00:00.005,621519957080.0
2016-08-23 00:00:00.005,525510002330.0
2016-08-24 00:00:00.005,530786729395.0
2016-08-25 00:00:00.005,769030366720.0
2016-08-26 00:00:00.005,564943813400.0
2016-08-29 00:00:00.005,644571560190.0
2016-08-30 00:00:00.005,528172038405.0
2016-08-31 00:00:00.005,616124655260.0
2016-09-01 00:00:00.005,563559218885.0
2016-09-02 00:00:00.005,649076531060.0
2016-09-05 00:00:00.005,612365584455.0
2016-09-06 00:00:00.005,510071551975.0
2016-09-07 00:00:00.005,645034112625.0
2016-09-08 00:00:00.005,564259913340.0
2016-09-09 00:00:00.005,550498129260.0
2016-09-12 00:00:00.005,666962450850.0
2016-09-13 00:00:00.005,593036991315.0
2016-09-14 00:00:00.005,524611931630.0
2016-09-19 00:00:00.005,412147354767.0
2016-09-20 00:00:00.005,563692540375.0
2016-09-21 00:00:00.005,577595064695.0
2016-09-22 00:00:00.005,766848433570.0
2016-09-23 00:00:00.005,568211995830.0
2016-09-26 00:00:00.005,583215258815.0
2016-09-27 00:00:00.005,600247917265.0
2016-09-28 00:00:00.005,573654041390.0
2016-09-29 00:00:00.005,637923502820.0
2016-09-30 00:00:00.005,442758557520.0
2016-10-10 00:00:00.005,438480214360.0
2016-10-11 00:00:00.005,623254006510.0
2016-10-12 00:00:00.005,573235558555.0
2016-10-13 00:00:00.005,644350444855.0
2016-10-14 00:00:00.005,625208774010.0
2016-10-17 00:00:00.005,698359235975.0
2016-10-18 00:00:00.005,641833015295.0
2016-10-19 00:00:00.005,823670172520.0
2016-10-20 00:00:00.005,752832234570.0
2016-10-21 00:00:00.005,678634358650.0
2016-10-24 00:00:00.005,703959325905.0
2016-10-25 00:00:00.005,885369618295.0
2016-10-26 00:00:00.005,931230154125.0
2016-10-27 00:00:00.005,816532054785.0
2016-10-28 00:00:00.005,760860521990.0
2016-10-31 00:00:00.005,839616185300.0
2016-11-01 00:00:00.005,808819921425.0
2016-11-02 00:00:00.005,826285834595.0
2016-11-03 00:00:00.005,644903050040.0
2016-11-04 00:00:00.005,832607836710.0
2016-11-07 00:00:00.005,920105574835.0
2016-11-08 00:00:00.005,1036345073205.0
2016-11-09 00:00:00.005,1208435017975.0
2016-11-10 00:00:00.005,1330683553900.0
2016-11-11 00:00:00.005,1296212980165.0
2016-11-14 00:00:00.005,1619727013025.0
2016-11-15 00:00:00.005,1032281519295.0
2016-11-16 00:00:00.005,869866172145.0
2016-11-17 00:00:00.005,768874812315.0
2016-11-18 00:00:00.005,751303431157.0
2016-11-21 00:00:00.005,834146964820.0
2016-11-22 00:00:00.005,870784484855.0
2016-11-23 00:00:00.005,787129550500.0
2016-11-24 00:00:00.005,1163360122540.0
2016-11-25 00:00:00.005,925296798420.0
2016-11-28 00:00:00.005,1020370717925.0
2016-11-29 00:00:00.005,1076598822220.0
2016-11-30 00:00:00.005,1046042363575.0
2016-12-01 00:00:00.005,1030526334920.0
2016-12-02 00:00:00.005,928795422940.0
2016-12-05 00:00:00.005,873238298235.0
2016-12-06 00:00:00.005,765241596090.0
2016-12-07 00:00:00.005,838631808080.0
2016-12-08 00:00:00.005,825058640830.0
2016-12-09 00:00:00.005,886440217195.0
2016-12-12 00:00:00.005,869838449985.0
2016-12-13 00:00:00.005,713383050395.0
2016-12-14 00:00:00.005,867375862665.0
2016-12-15 00:00:00.005,920902510720.0
2016-12-16 00:00:00.005,810175103010.0
2016-12-19 00:00:00.005,790501062965.0
2016-12-20 00:00:00.005,878494779445.0
2016-12-21 00:00:00.005,701409569230.0
2016-12-22 00:00:00.005,670105776640.0
2016-12-23 00:00:00.005,710749538445.0
2016-12-26 00:00:00.005,764154761335.0
2016-12-27 00:00:00.005,596284309600.0
2016-12-28 00:00:00.005,718489963535.0
2016-12-29 00:00:00.005,694547513520.0
2016-12-30 00:00:00.005,609641436330.0
2017-01-03 00:00:00.005,491849860995.0
2017-01-04 00:00:00.005,712585340345.0
2017-01-05 00:00:00.005,645015186225.0
2017-01-06 00:00:00.005,619294385250.0
2017-01-09 00:00:00.005,578296466525.0
2017-01-10 00:00:00.005,662901720840.0
2017-01-11 00:00:00.005,677801643340.0
2017-01-12 00:00:00.005,693880685105.0
2017-01-13 00:00:00.005,664912718000.0
2017-01-16 00:00:00.005,781492699120.0
2017-01-17 00:00:00.005,711899074850.0
2017-01-18 00:00:00.005,692532041745.0
2017-01-19 00:00:00.005,657606281745.0
2017-01-20 00:00:00.005,684272395955.0
2017-01-23 00:00:00.005,547884680390.0
2017-01-24 00:00:00.005,557207069220.0
2017-01-25 00:00:00.005,520591933675.0
2017-01-26 00:00:00.005,433854411950.0
2017-02-03 00:00:00.005,440708463740.0
2017-02-06 00:00:00.005,590391436530.0
2017-02-07 00:00:00.005,548697489175.0
2017-02-08 00:00:00.005,635175443510.0
2017-02-09 00:00:00.005,582606451950.0
2017-02-10 00:00:00.005,729737448610.0
2017-02-13 00:00:00.005,896545004645.0
2017-02-14 00:00:00.005,695151116780.0
2017-02-15 00:00:00.005,840418125540.0
2017-02-16 00:00:00.005,878097376410.0
2017-02-17 00:00:00.005,796891217068.0
2017-02-20 00:00:00.005,685344745985.0
2017-02-21 00:00:00.005,727451350910.0
2017-02-22 00:00:00.005,689677091780.0
2017-02-23 00:00:00.005,755691601530.0
2017-02-24 00:00:00.005,799017373225.0
2017-02-27 00:00:00.005,765177004450.0
2017-02-28 00:00:00.005,711802611560.0
2017-03-01 00:00:00.005,795695477790.0
2017-03-02 00:00:00.005,649807333880.0
2017-03-03 00:00:00.005,763926741025.0
2017-03-06 00:00:00.005,763195009015.0
2017-03-07 00:00:00.005,609997136820.0
2017-03-08 00:00:00.005,827505110515.0
2017-03-09 00:00:00.005,817268441755.0
2017-03-10 00:00:00.005,723176125350.0
2017-03-13 00:00:00.005,915145446380.0
2017-03-14 00:00:00.005,709925732935.0
2017-03-15 00:00:00.005,806923590430.0
2017-03-16 00:00:00.005,870768686065.0
2017-03-17 00:00:00.005,672832826331.0
2017-03-20 00:00:00.005,698413075600.0
2017-03-21 00:00:00.005,716858414570.0
2017-03-22 00:00:00.005,790780851045.0
2017-03-23 00:00:00.005,704221563740.0
2017-03-24 00:00:00.005,724707998800.0
2017-03-27 00:00:00.005,790239148580.0
2017-03-28 00:00:00.005,700303758090.0
2017-03-29 00:00:00.005,758522392700.0
2017-03-30 00:00:00.005,714439745230.0
2017-03-31 00:00:00.005,765204005570.0
2017-04-05 00:00:00.005,633391169480.0
2017-04-06 00:00:00.005,682794004805.0
2017-04-07 00:00:00.005,930536956450.0
2017-04-10 00:00:00.005,796185475010.0
2017-04-11 00:00:00.005,763189278720.0
2017-04-12 00:00:00.005,861879033270.0
2017-04-13 00:00:00.005,767177908200.0
2017-04-14 00:00:00.005,728017690430.0
2017-04-17 00:00:00.005,807844627000.0
2017-04-18 00:00:00.005,723447115475.0
2017-04-19 00:00:00.005,812868036855.0
2017-04-20 00:00:00.005,889655393330.0
2017-04-21 00:00:00.005,809354682472.0
2017-04-24 00:00:00.005,822755595940.0
2017-04-25 00:00:00.005,715871504290.0
2017-04-26 00:00:00.005,743564727105.0
2017-04-27 00:00:00.005,673717115575.0
2017-04-28 00:00:00.005,735291893225.0
2017-05-02 00:00:00.005,522131872510.0
2017-05-03 00:00:00.005,567838215985.0
2017-05-04 00:00:00.005,921347546105.0
2017-05-05 00:00:00.005,795630496525.0
2017-05-08 00:00:00.005,890387054400.0
2017-05-09 00:00:00.005,668538298665.0
2017-05-10 00:00:00.005,770960293820.0
2017-05-11 00:00:00.005,945990762180.0
2017-05-12 00:00:00.005,804966204245.0
2017-05-15 00:00:00.005,747407149040.0
2017-05-16 00:00:00.005,698395391300.0
2017-05-17 00:00:00.005,790264604150.0
2017-05-18 00:00:00.005,776601022560.0
2017-05-19 00:00:00.005,894562236169.0
2017-05-22 00:00:00.005,910175182835.0
2017-05-23 00:00:00.005,707175200220.0
2017-05-24 00:00:00.005,851009631040.0
2017-05-25 00:00:00.005,763121381755.0
2017-05-26 00:00:00.005,683792189690.0
2017-05-31 00:00:00.005,671351888560.0
2017-06-01 00:00:00.005,676313337445.0
2017-06-02 00:00:00.005,678174768645.0
2017-06-05 00:00:00.005,718158418845.0
2017-06-06 00:00:00.005,639188860675.0
2017-06-07 00:00:00.005,679357612370.0
2017-06-08 00:00:00.005,715620518940.0
2017-06-09 00:00:00.005,654383700995.0
2017-06-12 00:00:00.005,678720148000.0
2017-06-13 00:00:00.005,631533071410.0
2017-06-14 00:00:00.005,744263975215.0
2017-06-15 00:00:00.005,782538861030.0
2017-06-16 00:00:00.005,717751607282.0
2017-06-19 00:00:00.005,709043306965.0
2017-06-20 00:00:00.005,631760907355.0
2017-06-21 00:00:00.005,656510701485.0
2017-06-22 00:00:00.005,751484728375.0
2017-06-23 00:00:00.005,647787320180.0
2017-06-26 00:00:00.005,596616502790.0
2017-06-27 00:00:00.005,646439702615.0
2017-06-28 00:00:00.005,686069548350.0
2017-06-29 00:00:00.005,856176210050.0
2017-06-30 00:00:00.005,723729279640.0
2017-07-03 00:00:00.005,720768573430.0
2017-07-04 00:00:00.005,781654161580.0
2017-07-05 00:00:00.005,735854410990.0
2017-07-06 00:00:00.005,725118461930.0
2017-07-07 00:00:00.005,681263249955.0
2017-07-10 00:00:00.005,782176831855.0
2017-07-11 00:00:00.005,811579620985.0
2017-07-12 00:00:00.005,799076558270.0
2017-07-13 00:00:00.005,727599283640.0
2017-07-14 00:00:00.005,813280201865.0
2017-07-17 00:00:00.005,0.0
